id_inscripcion,id_estudiante,id_asignatura,id_periodo,nota_final,estado_asignatura,creditos_inscritos,fecha_inscripcion
1,2,106,6,3.7,reprobada,6,2024-08-01
2,2,107,6,6.7,aprobada,6,2024-08-01
3,2,108,6,4.7,aprobada,6,2024-08-01
4,2,109,6,5.6,aprobada,6,2024-08-01
5,2,110,6,3.7,reprobada,6,2024-08-01
6,2,111,7,5.1,aprobada,6,2025-03-01
7,2,112,7,5.3,aprobada,6,2025-03-01
8,2,113,7,4.7,aprobada,6,2025-03-01
9,2,114,7,5.0,aprobada,6,2025-03-01
10,2,115,7,3.3,reprobada,6,2025-03-01
11,2,116,8,4.8,aprobada,6,2025-08-01
12,2,117,8,3.8,reprobada,6,2025-08-01
13,2,118,8,4.7,aprobada,6,2025-08-01
14,2,119,8,5.6,aprobada,6,2025-08-01
15,2,120,8,4.2,aprobada,6,2025-08-01
16,3,41,1,8.2,aprobada,6,2022-03-01
17,3,42,1,4.5,aprobada,6,2022-03-01
18,3,43,1,3.4,reprobada,6,2022-03-01
19,3,44,1,4.6,aprobada,6,2022-03-01
20,3,45,1,5.2,aprobada,6,2022-03-01
21,3,46,2,3.7,reprobada,6,2022-08-01
22,3,47,2,4.6,aprobada,6,2022-08-01
23,3,48,2,5.8,aprobada,6,2022-08-01
24,3,49,2,5.1,aprobada,6,2022-08-01
25,3,50,2,3.6,reprobada,6,2022-08-01
26,3,51,3,5.1,aprobada,6,2023-03-01
27,3,52,3,4.5,aprobada,6,2023-03-01
28,3,53,3,5.3,aprobada,6,2023-03-01
29,3,54,3,4.2,aprobada,6,2023-03-01
30,3,55,3,5.4,aprobada,6,2023-03-01
31,3,9999,4,4.7,aprobada,6,2023-08-01
32,3,57,4,4.5,aprobada,6,2023-08-01
33,3,58,4,5.2,aprobada,6,2023-08-01
34,3,59,4,5.0,aprobada,6,2023-08-01
35,3,60,4,5.9,aprobada,6,2023-08-01
36,3,61,5,5.8,aprobada,6,2024-03-01
37,3,62,5,5.4,aprobada,6,2024-03-01
38,3,63,5,4.7,aprobada,6,2024-03-01
39,3,64,5,4.5,aprobada,6,2024-03-01
40,3,65,5,5.3,aprobada,6,2024-03-01
41,3,66,6,5.6,aprobada,6,2024-08-01
42,3,67,6,5.9,aprobada,6,2024-08-01
43,3,68,6,4.0,aprobada,6,2024-08-01
44,3,69,6,5.7,aprobada,6,2024-08-01
45,3,70,6,5.5,aprobada,6,2024-08-01
46,3,71,7,5.2,aprobada,6,2025-03-01
47,3,72,7,5.0,aprobada,6,2025-03-01
48,3,73,7,5.3,aprobada,6,2025-03-01
49,3,74,7,5.4,aprobada,6,2025-03-01
50,3,75,7,4.5,aprobada,6,2025-03-01
51,3,76,8,6.7,aprobada,6,2025-08-01
52,3,77,8,5.4,aprobada,6,2025-08-01
53,3,78,8,4.5,aprobada,6,2025-08-01
54,3,79,8,7.0,aprobada,6,2025-08-01
55,3,80,8,4.5,aprobada,6,2025-08-01
56,4,81,3,6.3,aprobada,6,2023-03-01
57,4,82,3,4.3,aprobada,6,2023-03-01
58,4,83,3,5.0,aprobada,6,2023-03-01
59,4,84,3,4.3,aprobada,6,2023-03-01
60,4,85,3,5.1,aprobada,6,2023-03-01
61,4,86,4,4.7,aprobada,6,2023-08-01
62,4,87,4,4.4,aprobada,6,2023-08-01
63,4,88,4,4.7,aprobada,6,2023-08-01
64,4,89,4,5.1,aprobada,6,2023-08-01
65,4,90,4,3.4,reprobada,6,2023-08-01
66,5,1,5,3.9,reprobada,6,2024-03-01
67,5,2,5,5.1,aprobada,6,2024-03-01
68,5,3,5,5.1,aprobada,6,2024-03-01
69,5,4,5,5.9,aprobada,6,2024-03-01
70,5,5,5,5.3,aprobada,6,2024-03-01
71,6,106,2,4.2,aprobada,6,2022-08-01
72,6,107,2,5.0,aprobada,6,2022-08-01
73,6,108,2,7.0,aprobada,6,2022-08-01
74,6,109,2,4.5,aprobada,6,2022-08-01
75,6,110,2,3.1,reprobada,6,2022-08-01
76,6,111,3,5.5,aprobada,6,2023-03-01
77,6,112,3,5.4,aprobada,6,2023-03-01
78,6,113,3,5.8,aprobada,6,2023-03-01
79,6,114,3,6.5,aprobada,6,2023-03-01
80,6,115,3,5.1,aprobada,6,2023-03-01
81,6,116,4,5.8,aprobada,6,2023-08-01
82,6,117,4,4.8,aprobada,6,2023-08-01
83,6,118,4,6.0,aprobada,6,2023-08-01
84,6,119,4,6.0,aprobada,6,2023-08-01
85,6,120,4,4.1,aprobada,6,2023-08-01
86,6,121,5,5.0,aprobada,6,2024-03-01
87,6,122,5,4.9,aprobada,6,2024-03-01
88,6,123,5,5.7,aprobada,6,2024-03-01
89,6,124,5,4.0,aprobada,6,2024-03-01
90,6,125,5,5.1,aprobada,6,2024-03-01
91,6,126,6,2.8,reprobada,6,2024-08-01
92,6,127,6,3.4,reprobada,6,2024-08-01
93,6,128,6,5.6,aprobada,6,2024-08-01
94,6,129,6,5.6,aprobada,6,2024-08-01
95,6,130,6,4.1,aprobada,6,2024-08-01
96,7,106,1,5.5,aprobada,6,2022-03-01
97,7,107,1,4.9,aprobada,6,2022-03-01
98,7,108,1,5.3,aprobada,6,2022-03-01
99,7,109,1,3.8,reprobada,6,2022-03-01
100,7,110,1,5.1,aprobada,6,2022-03-01
101,7,111,2,5.2,aprobada,6,2022-08-01
102,7,112,2,5.1,aprobada,6,2022-08-01
103,7,113,2,5.0,aprobada,6,2022-08-01
104,7,114,2,3.5,reprobada,6,2022-08-01
105,7,115,2,4.9,aprobada,6,2022-08-01
106,8,41,7,5.0,aprobada,6,2025-03-01
107,8,42,7,5.0,aprobada,6,2025-03-01
108,8,43,7,5.9,aprobada,6,2025-03-01
109,8,44,7,4.6,aprobada,6,2025-03-01
110,8,45,7,6.0,aprobada,6,2025-03-01
111,8,46,8,5.4,aprobada,6,2025-08-01
112,8,47,8,5.7,aprobada,6,2025-08-01
113,8,48,8,4.0,aprobada,6,2025-08-01
114,8,49,8,3.9,reprobada,6,2025-08-01
115,8,50,8,6.0,aprobada,6,2025-08-01
116,9,41,7,6.8,aprobada,6,2025-03-01
117,9,42,7,5.2,aprobada,6,2025-03-01
118,9,43,7,5.3,aprobada,6,2025-03-01
119,9,44,7,5.4,aprobada,6,2025-03-01
120,9,45,7,5.2,aprobada,6,2025-03-01
121,9,46,8,4.9,aprobada,6,2025-08-01
122,9,47,8,5.3,aprobada,6,2025-08-01
123,9,48,8,4.9,aprobada,6,2025-08-01
124,9,49,8,5.8,aprobada,6,2025-08-01
125,9,50,8,5.4,aprobada,6,2025-08-01
126,10,106,6,5.3,aprobada,6,2024-08-01
127,10,107,6,6.0,aprobada,6,2024-08-01
128,10,108,6,4.5,aprobada,6,2024-08-01
129,10,109,6,4.6,aprobada,6,2024-08-01
130,10,110,6,3.1,reprobada,6,2024-08-01
131,10,111,7,4.7,aprobada,6,2025-03-01
132,10,112,7,4.0,aprobada,6,2025-03-01
133,10,113,7,5.9,aprobada,6,2025-03-01
134,10,114,7,4.8,aprobada,6,2025-03-01
135,10,115,7,5.7,aprobada,6,2025-03-01
136,10,116,8,4.9,aprobada,6,2025-08-01
137,10,117,8,4.7,aprobada,6,2025-08-01
138,10,118,8,5.7,aprobada,6,2025-08-01
139,10,119,8,6.7,aprobada,6,2025-08-01
140,10,120,8,4.9,aprobada,6,2025-08-01
141,11,131,3,5.3,aprobada,6,2023-03-01
142,11,132,3,4.8,aprobada,6,2023-03-01
143,11,133,3,3.5,reprobada,6,2023-03-01
144,11,134,3,3.9,reprobada,6,2023-03-01
145,11,135,3,5.4,aprobada,6,2023-03-01
146,11,136,4,4.7,aprobada,6,2023-08-01
147,11,137,4,5.4,aprobada,6,2023-08-01
148,11,138,4,4.9,aprobada,6,2023-08-01
149,11,139,4,6.0,aprobada,6,2023-08-01
150,11,140,4,4.2,aprobada,6,2023-08-01
151,11,141,5,5.5,aprobada,6,2024-03-01
152,11,142,5,6.9,aprobada,6,2024-03-01
153,11,143,5,5.2,aprobada,6,2024-03-01
154,11,144,5,5.6,aprobada,6,2024-03-01
155,11,145,5,4.9,aprobada,6,2024-03-01
156,11,146,6,5.5,aprobada,6,2024-08-01
157,11,147,6,4.5,aprobada,6,2024-08-01
158,11,148,6,4.8,aprobada,6,2024-08-01
159,11,149,6,4.5,aprobada,6,2024-08-01
160,11,150,6,6.2,aprobada,6,2024-08-01
161,11,151,7,4.2,aprobada,6,2025-03-01
162,11,152,7,4.2,aprobada,6,2025-03-01
163,11,153,7,5.7,aprobada,6,2025-03-01
164,11,154,7,4.7,aprobada,6,2025-03-01
165,11,155,7,4.3,aprobada,6,2025-03-01
166,11,156,8,6.5,aprobada,6,2025-08-01
167,11,157,8,6.0,aprobada,6,2025-08-01
168,11,158,8,5.3,aprobada,6,2025-08-01
169,11,159,8,5.4,aprobada,6,2025-08-01
170,11,160,8,4.3,aprobada,6,2025-08-01
171,12,81,7,4.6,aprobada,6,2025-03-01
172,12,82,7,6.0,aprobada,6,2025-03-01
173,12,83,7,4.2,aprobada,6,2025-03-01
174,12,84,7,4.5,aprobada,6,2025-03-01
175,12,85,7,4.6,aprobada,6,2025-03-01
176,12,86,8,5.0,aprobada,6,2025-08-01
177,12,87,8,4.0,aprobada,6,2025-08-01
178,12,88,8,4.6,aprobada,6,2025-08-01
179,12,89,8,4.8,aprobada,6,2025-08-01
180,12,90,8,6.6,aprobada,6,2025-08-01
181,13,106,3,4.4,aprobada,6,2023-03-01
182,13,107,3,5.2,aprobada,6,2023-03-01
183,13,108,3,4.0,aprobada,6,2023-03-01
184,13,109,3,4.6,aprobada,6,2023-03-01
185,13,110,3,4.8,aprobada,6,2023-03-01
186,13,111,4,5.6,aprobada,6,2023-08-01
187,13,112,4,4.6,aprobada,6,2023-08-01
188,13,113,4,4.9,aprobada,6,2023-08-01
189,13,114,4,5.3,aprobada,6,2023-08-01
190,13,115,4,5.3,aprobada,6,2023-08-01
191,13,116,5,4.8,aprobada,6,2024-03-01
192,13,117,5,4.1,aprobada,6,2024-03-01
193,13,118,5,4.7,aprobada,6,2024-03-01
194,13,119,5,3.3,reprobada,6,2024-03-01
195,13,120,5,5.0,aprobada,6,2024-03-01
196,13,121,6,5.0,aprobada,6,2024-08-01
197,13,122,6,5.7,aprobada,6,2024-08-01
198,13,123,6,5.4,aprobada,6,2024-08-01
199,13,124,6,4.3,aprobada,6,2024-08-01
200,13,125,6,5.1,aprobada,6,2024-08-01
201,13,126,7,4.7,aprobada,6,2025-03-01
202,13,127,7,3.7,reprobada,6,2025-03-01
203,13,128,7,4.5,aprobada,6,2025-03-01
204,13,129,7,5.1,aprobada,6,2025-03-01
205,13,130,7,4.6,aprobada,6,2025-03-01
206,14,171,6,3.7,reprobada,6,2024-08-01
207,14,172,6,4.4,aprobada,6,2024-08-01
208,14,173,6,4.6,aprobada,6,2024-08-01
209,14,174,6,4.4,aprobada,6,2024-08-01
210,14,175,6,4.6,aprobada,6,2024-08-01
211,14,176,7,3.8,reprobada,6,2025-03-01
212,14,177,7,4.3,aprobada,6,2025-03-01
213,14,178,7,4.4,aprobada,6,2025-03-01
214,14,179,7,4.6,aprobada,6,2025-03-01
215,14,180,7,5.7,aprobada,6,2025-03-01
216,14,181,8,5.8,aprobada,6,2025-08-01
217,14,182,8,5.6,aprobada,6,2025-08-01
218,14,183,8,5.4,aprobada,6,2025-08-01
219,14,184,8,5.9,aprobada,6,2025-08-01
220,14,185,8,4.4,aprobada,6,2025-08-01
221,15,81,1,4.9,aprobada,6,2022-03-01
222,15,82,1,4.5,aprobada,6,2022-03-01
223,15,83,1,5.1,aprobada,6,2022-03-01
224,15,84,1,5.1,aprobada,6,2022-03-01
225,15,85,1,4.0,aprobada,6,2022-03-01
226,15,86,2,4.0,aprobada,6,2022-08-01
227,15,87,2,4.6,aprobada,6,2022-08-01
228,15,88,2,5.2,aprobada,6,2022-08-01
229,15,89,2,6.0,aprobada,6,2022-08-01
230,15,90,2,4.7,aprobada,6,2022-08-01
231,15,91,3,6.2,aprobada,6,2023-03-01
232,15,92,3,5.6,aprobada,6,2023-03-01
233,15,93,3,5.7,aprobada,6,2023-03-01
234,15,94,3,6.1,aprobada,6,2023-03-01
235,15,95,3,4.0,aprobada,6,2023-03-01
236,15,96,4,4.5,aprobada,6,2023-08-01
237,15,97,4,5.5,aprobada,6,2023-08-01
238,15,98,4,5.8,aprobada,6,2023-08-01
239,15,99,4,3.7,reprobada,6,2023-08-01
240,15,100,4,6.3,aprobada,6,2023-08-01
241,15,101,5,5.5,aprobada,6,2024-03-01
242,15,102,5,5.8,aprobada,6,2024-03-01
243,15,103,5,5.3,aprobada,6,2024-03-01
244,15,104,5,4.2,aprobada,6,2024-03-01
245,15,105,5,5.2,aprobada,6,2024-03-01
246,16,81,1,4.5,aprobada,6,2022-03-01
247,16,82,1,6.4,aprobada,6,2022-03-01
248,16,83,1,5.4,aprobada,6,2022-03-01
249,16,84,1,3.5,reprobada,6,2022-03-01
250,16,85,1,4.7,aprobada,6,2022-03-01
251,16,86,2,4.4,aprobada,6,2022-08-01
252,16,87,2,6.8,aprobada,6,2022-08-01
253,16,88,2,3.2,reprobada,6,2022-08-01
254,16,89,2,5.4,aprobada,6,2022-08-01
255,16,90,2,5.8,aprobada,6,2022-08-01
256,16,91,3,6.2,aprobada,6,2023-03-01
257,16,92,3,5.6,aprobada,6,2023-03-01
258,16,93,3,4.1,aprobada,6,2023-03-01
259,16,94,3,5.1,aprobada,6,2023-03-01
260,16,95,3,5.2,aprobada,6,2023-03-01
261,16,96,4,4.4,aprobada,6,2023-08-01
262,16,97,4,4.6,aprobada,6,2023-08-01
263,16,98,4,3.9,reprobada,6,2023-08-01
264,16,99,4,6.0,aprobada,6,2023-08-01
265,16,100,4,5.2,aprobada,6,2023-08-01
266,17,171,7,4.8,aprobada,6,2025-03-01
267,17,172,7,4.1,aprobada,6,2025-03-01
268,17,173,7,5.3,aprobada,6,2025-03-01
269,17,174,7,5.0,aprobada,6,2025-03-01
270,17,175,7,4.3,aprobada,6,2025-03-01
271,17,176,8,4.5,aprobada,6,2025-08-01
272,17,177,8,6.4,aprobada,6,2025-08-01
273,17,178,8,5.9,aprobada,6,2025-08-01
274,17,179,8,4.3,aprobada,6,2025-08-01
275,17,180,8,5.3,aprobada,6,2025-08-01
276,18,1,6,5.9,aprobada,6,2024-08-01
277,18,2,6,4.4,aprobada,6,2024-08-01
278,18,3,6,5.0,aprobada,6,2024-08-01
279,18,4,6,5.9,aprobada,6,2024-08-01
280,18,5,6,2.8,reprobada,6,2024-08-01
281,18,6,7,4.8,aprobada,6,2025-03-01
282,18,7,7,5.9,aprobada,6,2025-03-01
283,18,8,7,4.2,aprobada,6,2025-03-01
284,18,9,7,3.7,reprobada,6,2025-03-01
285,18,10,7,7.0,aprobada,6,2025-03-01
286,18,11,8,3.6,reprobada,6,2025-08-01
287,18,12,8,4.1,aprobada,6,2025-08-01
288,18,13,8,4.8,aprobada,6,2025-08-01
289,18,14,8,5.2,aprobada,6,2025-08-01
290,18,15,8,5.2,aprobada,6,2025-08-01
291,19,171,3,4.0,aprobada,6,2023-03-01
292,19,172,3,4.6,aprobada,6,2023-03-01
293,19,173,3,4.5,aprobada,6,2023-03-01
294,19,174,3,4.7,aprobada,6,2023-03-01
295,19,175,3,4.7,aprobada,6,2023-03-01
296,19,176,4,3.2,reprobada,6,2023-08-01
297,19,177,4,5.8,aprobada,6,2023-08-01
298,19,178,4,5.2,aprobada,6,2023-08-01
299,19,179,4,4.3,aprobada,6,2023-08-01
300,19,180,4,4.7,aprobada,6,2023-08-01
301,20,106,1,3.8,reprobada,6,2022-03-01
302,20,107,1,4.5,aprobada,6,2022-03-01
303,20,108,1,4.6,aprobada,6,2022-03-01
304,20,109,1,4.7,aprobada,6,2022-03-01
305,20,110,1,5.8,aprobada,6,2022-03-01
306,20,111,2,4.2,aprobada,6,2022-08-01
307,20,112,2,5.8,aprobada,6,2022-08-01
308,20,113,2,4.3,aprobada,6,2022-08-01
309,20,114,2,4.8,aprobada,6,2022-08-01
310,20,115,2,4.9,aprobada,6,2022-08-01
311,20,116,3,5.0,aprobada,6,2023-03-01
312,20,117,3,3.2,reprobada,6,2023-03-01
313,20,118,3,6.1,aprobada,6,2023-03-01
314,20,119,3,4.0,aprobada,6,2023-03-01
315,20,120,3,5.8,aprobada,6,2023-03-01
316,20,121,4,3.8,reprobada,6,2023-08-01
317,20,122,4,7.0,aprobada,6,2023-08-01
318,20,123,4,7.0,aprobada,6,2023-08-01
319,20,124,4,3.8,reprobada,6,2023-08-01
320,20,125,4,5.8,aprobada,6,2023-08-01
321,20,126,5,6.1,aprobada,6,2024-03-01
322,20,127,5,4.3,aprobada,6,2024-03-01
323,20,128,5,4.0,aprobada,6,2024-03-01
324,20,129,5,6.1,aprobada,6,2024-03-01
325,20,130,5,4.3,aprobada,6,2024-03-01
326,21,81,3,3.8,reprobada,6,2023-03-01
327,21,82,3,4.8,aprobada,6,2023-03-01
328,21,83,3,5.3,aprobada,6,2023-03-01
329,21,84,3,4.1,aprobada,6,2023-03-01
330,21,85,3,3.7,reprobada,6,2023-03-01
331,21,86,4,5.9,aprobada,6,2023-08-01
332,21,87,4,5.3,aprobada,6,2023-08-01
333,21,88,4,6.0,aprobada,6,2023-08-01
334,21,89,4,5.6,aprobada,6,2023-08-01
335,21,90,4,5.6,aprobada,6,2023-08-01
336,21,91,5,5.1,aprobada,6,2024-03-01
337,21,92,5,5.4,aprobada,6,2024-03-01
338,21,93,5,5.0,aprobada,6,2024-03-01
339,21,94,5,4.5,aprobada,6,2024-03-01
340,21,95,5,4.9,aprobada,6,2024-03-01
341,22,1,5,4.9,aprobada,6,2024-03-01
342,22,2,5,4.0,aprobada,6,2024-03-01
343,22,3,5,5.8,aprobada,6,2024-03-01
344,22,4,5,4.5,aprobada,6,2024-03-01
345,22,5,5,6.0,aprobada,6,2024-03-01
346,22,6,6,4.7,aprobada,6,2024-08-01
347,22,7,6,4.1,aprobada,6,2024-08-01
348,22,8,6,5.8,aprobada,6,2024-08-01
349,22,9,6,5.3,aprobada,6,2024-08-01
350,22,10,6,5.1,aprobada,6,2024-08-01
351,22,11,7,6.6,aprobada,6,2025-03-01
352,22,12,7,4.4,aprobada,6,2025-03-01
353,22,13,7,4.4,aprobada,6,2025-03-01
354,22,14,7,4.6,aprobada,6,2025-03-01
355,22,15,7,5.5,aprobada,6,2025-03-01
356,22,16,8,5.0,aprobada,6,2025-08-01
357,22,17,8,4.3,aprobada,6,2025-08-01
358,22,18,8,4.1,aprobada,6,2025-08-01
359,22,19,8,5.8,aprobada,6,2025-08-01
360,22,20,8,3.7,reprobada,6,2025-08-01
361,24,1,5,6.1,aprobada,6,2024-03-01
362,24,2,5,4.8,aprobada,6,2024-03-01
363,24,3,5,5.1,aprobada,6,2024-03-01
364,24,4,5,3.8,reprobada,6,2024-03-01
365,24,5,5,5.2,aprobada,6,2024-03-01
366,24,6,6,5.7,aprobada,6,2024-08-01
367,24,7,6,6.1,aprobada,6,2024-08-01
368,24,8,6,5.1,aprobada,6,2024-08-01
369,24,9,6,4.8,aprobada,6,2024-08-01
370,24,10,6,4.9,aprobada,6,2024-08-01
371,24,11,7,6.3,aprobada,6,2025-03-01
372,24,12,7,4.7,aprobada,6,2025-03-01
373,24,13,7,5.7,aprobada,6,2025-03-01
374,24,14,7,4.1,aprobada,6,2025-03-01
375,24,15,7,5.3,aprobada,6,2025-03-01
376,24,16,8,3.8,reprobada,6,2025-08-01
377,24,17,8,4.6,aprobada,6,2025-08-01
378,24,18,8,5.4,aprobada,6,2025-08-01
379,24,19,8,4.8,aprobada,6,2025-08-01
380,24,20,8,5.0,aprobada,6,2025-08-01
381,25,41,8,4.5,aprobada,6,2025-08-01
382,25,42,8,5.9,aprobada,6,2025-08-01
383,25,43,8,5.1,aprobada,6,2025-08-01
384,25,44,8,4.4,aprobada,6,2025-08-01
385,25,45,8,4.0,aprobada,6,2025-08-01
386,26,1,1,5.4,aprobada,6,2022-03-01
387,26,2,1,3.9,reprobada,6,2022-03-01
388,26,3,1,6.3,aprobada,6,2022-03-01
389,26,4,1,5.2,aprobada,6,2022-03-01
390,26,5,1,5.1,aprobada,6,2022-03-01
391,26,6,2,4.9,aprobada,6,2022-08-01
392,26,7,2,4.5,aprobada,6,2022-08-01
393,26,8,2,5.9,aprobada,6,2022-08-01
394,26,9,2,4.4,aprobada,6,2022-08-01
395,26,10,2,4.5,aprobada,6,2022-08-01
396,26,11,3,5.8,aprobada,6,2023-03-01
397,26,12,3,3.9,reprobada,6,2023-03-01
398,26,13,3,4.4,aprobada,6,2023-03-01
399,26,14,3,6.0,aprobada,6,2023-03-01
400,26,15,3,4.2,aprobada,6,2023-03-01
401,26,16,4,4.5,aprobada,6,2023-08-01
402,26,17,4,6.3,aprobada,6,2023-08-01
403,26,18,4,4.8,aprobada,6,2023-08-01
404,26,19,4,5.3,aprobada,6,2023-08-01
405,26,20,4,4.2,aprobada,6,2023-08-01
406,26,21,5,3.8,reprobada,6,2024-03-01
407,26,22,5,4.7,aprobada,6,2024-03-01
408,26,23,5,5.3,aprobada,6,2024-03-01
409,26,24,5,6.4,aprobada,6,2024-03-01
410,26,25,5,6.4,aprobada,6,2024-03-01
411,26,26,6,5.1,aprobada,6,2024-08-01
412,26,27,6,5.2,aprobada,6,2024-08-01
413,26,28,6,6.0,aprobada,6,2024-08-01
414,26,29,6,5.2,aprobada,6,2024-08-01
415,26,30,6,3.8,reprobada,6,2024-08-01
416,26,31,7,5.8,aprobada,6,2025-03-01
417,26,32,7,6.1,aprobada,6,2025-03-01
418,26,33,7,3.4,reprobada,6,2025-03-01
419,26,34,7,6.7,aprobada,6,2025-03-01
420,26,35,7,4.4,aprobada,6,2025-03-01
421,26,36,8,5.3,aprobada,6,2025-08-01
422,26,37,8,4.0,aprobada,6,2025-08-01
423,26,38,8,5.0,aprobada,6,2025-08-01
424,26,39,8,6.6,aprobada,6,2025-08-01
425,26,40,8,4.7,aprobada,6,2025-08-01
426,27,1,1,5.8,aprobada,6,2022-03-01
427,27,2,1,5.5,aprobada,6,2022-03-01
428,27,3,1,6.6,aprobada,6,2022-03-01
429,27,4,1,6.5,aprobada,6,2022-03-01
430,27,5,1,4.8,aprobada,6,2022-03-01
431,27,6,2,5.5,aprobada,6,2022-08-01
432,27,7,2,5.2,aprobada,6,2022-08-01
433,27,8,2,4.9,aprobada,6,2022-08-01
434,27,9,2,4.6,aprobada,6,2022-08-01
435,27,10,2,5.1,aprobada,6,2022-08-01
436,27,11,3,6.0,aprobada,6,2023-03-01
437,27,12,3,4.5,aprobada,6,2023-03-01
438,27,13,3,5.1,aprobada,6,2023-03-01
439,27,14,3,5.2,aprobada,6,2023-03-01
440,27,15,3,5.3,aprobada,6,2023-03-01
441,27,16,4,5.7,aprobada,6,2023-08-01
442,27,17,4,5.0,aprobada,6,2023-08-01
443,27,18,4,3.2,reprobada,6,2023-08-01
444,27,19,4,4.2,aprobada,6,2023-08-01
445,27,20,4,6.0,aprobada,6,2023-08-01
446,27,21,5,6.1,aprobada,6,2024-03-01
447,27,22,5,5.8,aprobada,6,2024-03-01
448,27,23,5,4.4,aprobada,6,2024-03-01
449,27,24,5,4.2,aprobada,6,2024-03-01
450,27,25,5,4.8,aprobada,6,2024-03-01
451,27,26,6,4.9,aprobada,6,2024-08-01
452,27,27,6,5.8,aprobada,6,2024-08-01
453,27,28,6,5.0,aprobada,6,2024-08-01
454,27,29,6,5.1,aprobada,6,2024-08-01
455,27,30,6,4.6,aprobada,6,2024-08-01
456,27,31,7,5.0,aprobada,6,2025-03-01
457,27,32,7,5.1,aprobada,6,2025-03-01
458,27,33,7,4.1,aprobada,6,2025-03-01
459,27,34,7,5.6,aprobada,6,2025-03-01
460,27,35,7,4.2,aprobada,6,2025-03-01
461,27,36,8,5.5,aprobada,6,2025-08-01
462,27,37,8,5.2,aprobada,6,2025-08-01
463,27,38,8,6.1,aprobada,6,2025-08-01
464,27,39,8,6.0,aprobada,6,2025-08-01
465,27,40,8,4.3,aprobada,6,2025-08-01
466,28,171,5,5.1,aprobada,6,2024-03-01
467,28,172,5,4.0,aprobada,6,2024-03-01
468,28,173,5,5.1,aprobada,6,2024-03-01
469,28,174,5,3.0,reprobada,6,2024-03-01
470,28,175,5,4.8,aprobada,6,2024-03-01
471,28,176,6,4.8,aprobada,6,2024-08-01
472,28,177,6,6.6,aprobada,6,2024-08-01
473,28,178,6,4.7,aprobada,6,2024-08-01
474,28,179,6,3.5,reprobada,6,2024-08-01
475,28,180,6,5.4,aprobada,6,2024-08-01
476,28,181,7,4.7,aprobada,6,2025-03-01
477,28,182,7,4.1,aprobada,6,2025-03-01
478,28,183,7,7.0,aprobada,6,2025-03-01
479,28,184,7,5.7,aprobada,6,2025-03-01
480,28,185,7,4.5,aprobada,6,2025-03-01
481,28,186,8,4.5,aprobada,6,2025-08-01
482,28,187,8,5.7,aprobada,6,2025-08-01
483,28,188,8,4.8,aprobada,6,2025-08-01
484,28,189,8,3.6,reprobada,6,2025-08-01
485,28,190,8,5.1,aprobada,6,2025-08-01
486,29,106,3,4.5,aprobada,6,2023-03-01
487,29,107,3,4.6,aprobada,6,2023-03-01
488,29,108,3,5.7,aprobada,6,2023-03-01
489,29,109,3,4.1,aprobada,6,2023-03-01
490,29,110,3,3.4,reprobada,6,2023-03-01
491,29,111,4,6.1,aprobada,6,2023-08-01
492,29,112,4,5.8,aprobada,6,2023-08-01
493,29,113,4,4.6,aprobada,6,2023-08-01
494,29,114,4,6.0,aprobada,6,2023-08-01
495,29,115,4,3.6,reprobada,6,2023-08-01
496,29,116,5,5.7,aprobada,6,2024-03-01
497,29,117,5,3.6,reprobada,6,2024-03-01
498,29,118,5,6.1,aprobada,6,2024-03-01
499,29,119,5,3.7,reprobada,6,2024-03-01
500,29,120,5,4.6,aprobada,6,2024-03-01
501,30,81,7,5.6,aprobada,6,2025-03-01
502,30,82,7,5.1,aprobada,6,2025-03-01
503,30,83,7,4.9,aprobada,6,2025-03-01
504,30,84,7,4.3,aprobada,6,2025-03-01
505,30,85,7,4.1,aprobada,6,2025-03-01
506,30,86,8,5.8,aprobada,6,2025-08-01
507,30,87,8,4.6,aprobada,6,2025-08-01
508,30,88,8,3.5,reprobada,6,2025-08-01
509,30,89,8,5.6,aprobada,6,2025-08-01
510,30,90,8,4.7,aprobada,6,2025-08-01
511,31,81,5,4.3,aprobada,6,2024-03-01
512,31,82,5,4.2,aprobada,6,2024-03-01
513,31,83,5,3.5,reprobada,6,2024-03-01
514,31,84,5,5.2,aprobada,6,2024-03-01
515,31,85,5,4.8,aprobada,6,2024-03-01
516,31,86,6,4.2,aprobada,6,2024-08-01
517,31,87,6,5.1,aprobada,6,2024-08-01
518,31,88,6,4.3,aprobada,6,2024-08-01
519,31,89,6,6.0,aprobada,6,2024-08-01
520,31,90,6,5.7,aprobada,6,2024-08-01
521,31,91,7,5.6,aprobada,6,2025-03-01
522,31,92,7,5.5,aprobada,6,2025-03-01
523,31,93,7,4.5,aprobada,6,2025-03-01
524,31,94,7,5.7,aprobada,6,2025-03-01
525,31,95,7,4.0,aprobada,6,2025-03-01
526,31,96,8,6.0,aprobada,6,2025-08-01
527,31,97,8,4.9,aprobada,6,2025-08-01
528,31,98,8,5.5,aprobada,6,2025-08-01
529,31,99,8,5.3,aprobada,6,2025-08-01
530,31,100,8,5.0,aprobada,6,2025-08-01
531,33,1,2,4.7,aprobada,6,2022-08-01
532,33,2,2,4.1,aprobada,6,2022-08-01
533,33,3,2,5.2,aprobada,6,2022-08-01
534,33,4,2,6.4,aprobada,6,2022-08-01
535,33,5,2,5.1,aprobada,6,2022-08-01
536,33,6,3,6.2,aprobada,6,2023-03-01
537,33,7,3,5.4,aprobada,6,2023-03-01
538,33,8,3,6.1,aprobada,6,2023-03-01
539,33,9,3,5.2,aprobada,6,2023-03-01
540,33,10,3,3.7,reprobada,6,2023-03-01
541,33,11,4,5.3,aprobada,6,2023-08-01
542,33,12,4,3.8,reprobada,6,2023-08-01
543,33,13,4,5.3,aprobada,6,2023-08-01
544,33,14,4,6.4,aprobada,6,2023-08-01
545,33,15,4,4.8,aprobada,6,2023-08-01
546,33,16,5,4.0,aprobada,6,2024-03-01
547,33,17,5,6.4,aprobada,6,2024-03-01
548,33,18,5,5.1,aprobada,6,2024-03-01
549,33,19,5,6.0,aprobada,6,2024-03-01
550,33,20,5,5.2,aprobada,6,2024-03-01
551,33,21,6,6.8,aprobada,6,2024-08-01
552,33,22,6,6.2,aprobada,6,2024-08-01
553,33,23,6,5.2,aprobada,6,2024-08-01
554,33,24,6,4.1,aprobada,6,2024-08-01
555,33,25,6,4.2,aprobada,6,2024-08-01
556,33,26,7,5.3,aprobada,6,2025-03-01
557,33,27,7,5.5,aprobada,6,2025-03-01
558,33,28,7,4.0,aprobada,6,2025-03-01
559,33,29,7,5.2,aprobada,6,2025-03-01
560,33,30,7,5.0,aprobada,6,2025-03-01
561,33,31,8,3.7,reprobada,6,2025-08-01
562,33,32,8,5.6,aprobada,6,2025-08-01
563,33,33,8,5.3,aprobada,6,2025-08-01
564,33,34,8,3.8,reprobada,6,2025-08-01
565,33,35,8,5.3,aprobada,6,2025-08-01
566,34,81,5,4.5,aprobada,6,2024-03-01
567,34,82,5,4.2,aprobada,6,2024-03-01
568,34,83,5,5.3,aprobada,6,2024-03-01
569,34,84,5,7.0,aprobada,6,2024-03-01
570,34,85,5,4.5,aprobada,6,2024-03-01
571,34,86,6,5.6,aprobada,6,2024-08-01
572,34,87,6,4.2,aprobada,6,2024-08-01
573,34,88,6,5.2,aprobada,6,2024-08-01
574,34,89,6,5.9,aprobada,6,2024-08-01
575,34,90,6,5.0,aprobada,6,2024-08-01
576,34,91,7,4.3,aprobada,6,2025-03-01
577,34,92,7,5.1,aprobada,6,2025-03-01
578,34,93,7,5.1,aprobada,6,2025-03-01
579,34,94,7,5.6,aprobada,6,2025-03-01
580,34,95,7,5.5,aprobada,6,2025-03-01
581,34,96,8,4.8,aprobada,6,2025-08-01
582,34,97,8,4.5,aprobada,6,2025-08-01
583,34,98,8,4.3,aprobada,6,2025-08-01
584,34,99,8,4.9,aprobada,6,2025-08-01
585,34,100,8,5.0,aprobada,6,2025-08-01
586,35,81,3,4.2,aprobada,6,2023-03-01
587,35,82,3,3.2,reprobada,6,2023-03-01
588,35,83,3,4.7,aprobada,6,2023-03-01
589,35,84,3,5.3,aprobada,6,2023-03-01
590,35,85,3,5.1,aprobada,6,2023-03-01
591,35,86,4,5.4,aprobada,6,2023-08-01
592,35,87,4,5.0,aprobada,6,2023-08-01
593,35,88,4,4.4,aprobada,6,2023-08-01
594,35,89,4,4.8,aprobada,6,2023-08-01
595,35,90,4,5.7,aprobada,6,2023-08-01
596,35,91,5,4.5,aprobada,6,2024-03-01
597,35,92,5,6.0,aprobada,6,2024-03-01
598,35,93,5,5.4,aprobada,6,2024-03-01
599,35,94,5,5.8,aprobada,6,2024-03-01
600,35,95,5,4.1,aprobada,6,2024-03-01
601,35,96,6,4.1,aprobada,6,2024-08-01
602,35,97,6,5.0,aprobada,6,2024-08-01
603,35,98,6,4.3,aprobada,6,2024-08-01
604,35,99,6,5.3,aprobada,6,2024-08-01
605,35,100,6,7.0,aprobada,6,2024-08-01
606,35,101,7,5.7,aprobada,6,2025-03-01
607,35,102,7,5.7,aprobada,6,2025-03-01
608,35,103,7,5.8,aprobada,6,2025-03-01
609,35,104,7,5.0,aprobada,6,2025-03-01
610,35,105,7,5.7,aprobada,6,2025-03-01
611,36,81,6,2.2,reprobada,6,2024-08-01
612,36,82,6,5.6,aprobada,6,2024-08-01
613,36,83,6,4.7,aprobada,6,2024-08-01
614,36,84,6,5.0,aprobada,6,2024-08-01
615,36,85,6,4.5,aprobada,6,2024-08-01
616,36,86,7,4.1,aprobada,6,2025-03-01
617,36,87,7,4.8,aprobada,6,2025-03-01
618,36,88,7,3.7,reprobada,6,2025-03-01
619,36,89,7,4.3,aprobada,6,2025-03-01
620,36,90,7,5.4,aprobada,6,2025-03-01
621,36,91,8,3.8,reprobada,6,2025-08-01
622,36,92,8,4.6,aprobada,6,2025-08-01
623,36,93,8,5.7,aprobada,6,2025-08-01
624,36,94,8,4.7,aprobada,6,2025-08-01
625,36,95,8,5.4,aprobada,6,2025-08-01
626,37,1,6,5.1,aprobada,6,2024-08-01
627,37,2,6,3.8,reprobada,6,2024-08-01
628,37,3,6,5.3,aprobada,6,2024-08-01
629,37,4,6,4.9,aprobada,6,2024-08-01
630,37,5,6,3.8,reprobada,6,2024-08-01
631,37,6,7,4.1,aprobada,6,2025-03-01
632,37,7,7,3.9,reprobada,6,2025-03-01
633,37,8,7,5.4,aprobada,6,2025-03-01
634,37,9,7,4.2,aprobada,6,2025-03-01
635,37,10,7,5.2,aprobada,6,2025-03-01
636,37,11,8,4.0,aprobada,6,2025-08-01
637,37,12,8,3.7,reprobada,6,2025-08-01
638,37,13,8,3.4,reprobada,6,2025-08-01
639,37,14,8,5.6,aprobada,6,2025-08-01
640,37,15,8,4.5,aprobada,6,2025-08-01
641,38,81,6,4.4,aprobada,6,2024-08-01
642,38,82,6,4.5,aprobada,6,2024-08-01
643,38,83,6,3.8,reprobada,6,2024-08-01
644,38,84,6,4.2,aprobada,6,2024-08-01
645,38,85,6,4.9,aprobada,6,2024-08-01
646,38,86,7,5.2,aprobada,6,2025-03-01
647,38,87,7,4.0,aprobada,6,2025-03-01
648,38,88,7,4.5,aprobada,6,2025-03-01
649,38,89,7,4.3,aprobada,6,2025-03-01
650,38,90,7,3.2,reprobada,6,2025-03-01
651,38,91,8,6.0,aprobada,6,2025-08-01
652,38,92,8,5.4,aprobada,6,2025-08-01
653,38,93,8,5.4,aprobada,6,2025-08-01
654,38,94,8,5.1,aprobada,6,2025-08-01
655,38,95,8,4.4,aprobada,6,2025-08-01
656,39,41,7,4.4,aprobada,6,2025-03-01
657,39,42,7,4.2,aprobada,6,2025-03-01
658,39,43,7,4.4,aprobada,6,2025-03-01
659,39,44,7,3.2,reprobada,6,2025-03-01
660,39,45,7,5.7,aprobada,6,2025-03-01
661,39,46,8,4.6,aprobada,6,2025-08-01
662,39,47,8,4.5,aprobada,6,2025-08-01
663,39,48,8,6.2,aprobada,6,2025-08-01
664,39,49,8,4.2,aprobada,6,2025-08-01
665,39,50,8,5.6,aprobada,6,2025-08-01
666,40,171,3,2.8,reprobada,6,2023-03-01
667,40,172,3,5.4,aprobada,6,2023-03-01
668,40,173,3,3.7,reprobada,6,2023-03-01
669,40,174,3,2.9,reprobada,6,2023-03-01
670,40,175,3,3.6,reprobada,6,2023-03-01
671,40,176,4,3.7,reprobada,6,2023-08-01
672,40,177,4,5.1,aprobada,6,2023-08-01
673,40,178,4,5.0,aprobada,6,2023-08-01
674,40,179,4,4.2,aprobada,6,2023-08-01
675,40,180,4,6.8,aprobada,6,2023-08-01
676,40,181,5,4.1,aprobada,6,2024-03-01
677,40,182,5,4.6,aprobada,6,2024-03-01
678,40,183,5,3.5,reprobada,6,2024-03-01
679,40,184,5,7.0,aprobada,6,2024-03-01
680,40,185,5,3.5,reprobada,6,2024-03-01
681,40,186,6,6.1,aprobada,6,2024-08-01
682,40,187,6,5.2,aprobada,6,2024-08-01
683,40,188,6,7.0,aprobada,6,2024-08-01
684,40,189,6,3.4,reprobada,6,2024-08-01
685,40,190,6,5.5,aprobada,6,2024-08-01
686,40,191,7,5.9,aprobada,6,2025-03-01
687,40,192,7,4.2,aprobada,6,2025-03-01
688,40,193,7,5.6,aprobada,6,2025-03-01
689,40,194,7,4.2,aprobada,6,2025-03-01
690,40,195,7,5.4,aprobada,6,2025-03-01
691,41,106,5,5.8,aprobada,6,2024-03-01
692,41,107,5,5.0,aprobada,6,2024-03-01
693,41,108,5,5.4,aprobada,6,2024-03-01
694,41,109,5,5.0,aprobada,6,2024-03-01
695,41,110,5,5.9,aprobada,6,2024-03-01
696,41,111,6,6.5,aprobada,6,2024-08-01
697,41,112,6,5.6,aprobada,6,2024-08-01
698,41,113,6,4.8,aprobada,6,2024-08-01
699,41,114,6,4.0,aprobada,6,2024-08-01
700,41,115,6,4.1,aprobada,6,2024-08-01
701,43,171,1,4.3,aprobada,6,2022-03-01
702,43,172,1,3.7,reprobada,6,2022-03-01
703,43,173,1,4.9,aprobada,6,2022-03-01
704,43,174,1,4.5,aprobada,6,2022-03-01
705,43,175,1,3.5,reprobada,6,2022-03-01
706,43,176,2,4.5,aprobada,6,2022-08-01
707,43,177,2,3.1,reprobada,6,2022-08-01
708,43,178,2,4.9,aprobada,6,2022-08-01
709,43,179,2,5.2,aprobada,6,2022-08-01
710,43,180,2,4.6,aprobada,6,2022-08-01
711,43,181,3,5.2,aprobada,6,2023-03-01
712,43,182,3,5.2,aprobada,6,2023-03-01
713,43,183,3,4.9,aprobada,6,2023-03-01
714,43,184,3,4.9,aprobada,6,2023-03-01
715,43,185,3,6.8,aprobada,6,2023-03-01
716,44,41,4,6.0,aprobada,6,2023-08-01
717,44,42,4,5.5,aprobada,6,2023-08-01
718,44,43,4,3.0,reprobada,6,2023-08-01
719,44,44,4,3.1,reprobada,6,2023-08-01
720,44,45,4,5.1,aprobada,6,2023-08-01
721,44,46,5,5.2,aprobada,6,2024-03-01
722,44,47,5,4.8,aprobada,6,2024-03-01
723,44,48,5,5.1,aprobada,6,2024-03-01
724,44,49,5,5.7,aprobada,6,2024-03-01
725,44,50,5,3.9,reprobada,6,2024-03-01
726,44,51,6,5.8,aprobada,6,2024-08-01
727,44,52,6,6.3,aprobada,6,2024-08-01
728,44,53,6,4.7,aprobada,6,2024-08-01
729,44,54,6,4.1,aprobada,6,2024-08-01
730,44,55,6,6.0,aprobada,6,2024-08-01
731,44,56,7,5.1,aprobada,6,2025-03-01
732,44,57,7,5.1,aprobada,6,2025-03-01
733,44,58,7,4.4,aprobada,6,2025-03-01
734,44,59,7,5.7,aprobada,6,2025-03-01
735,44,60,7,3.7,reprobada,6,2025-03-01
736,44,61,8,5.0,aprobada,6,2025-08-01
737,44,62,8,4.8,aprobada,6,2025-08-01
738,44,63,8,3.1,reprobada,6,2025-08-01
739,44,64,8,4.3,aprobada,6,2025-08-01
740,44,65,8,4.7,aprobada,6,2025-08-01
741,45,81,8,6.1,aprobada,6,2025-08-01
742,45,82,8,4.0,aprobada,6,2025-08-01
743,45,83,8,4.6,aprobada,6,2025-08-01
744,45,84,8,2.9,reprobada,6,2025-08-01
745,45,85,8,4.7,aprobada,6,2025-08-01
746,46,41,5,4.0,aprobada,6,2024-03-01
747,46,42,5,4.4,aprobada,6,2024-03-01
748,46,43,5,3.6,reprobada,6,2024-03-01
749,46,44,5,5.9,aprobada,6,2024-03-01
750,46,45,5,3.8,reprobada,6,2024-03-01
751,46,46,6,6.1,aprobada,6,2024-08-01
752,46,47,6,5.2,aprobada,6,2024-08-01
753,46,48,6,6.1,aprobada,6,2024-08-01
754,46,49,6,4.4,aprobada,6,2024-08-01
755,46,50,6,4.6,aprobada,6,2024-08-01
756,46,51,7,5.7,aprobada,6,2025-03-01
757,46,52,7,5.6,aprobada,6,2025-03-01
758,46,53,7,6.6,aprobada,6,2025-03-01
759,46,54,7,4.4,aprobada,6,2025-03-01
760,46,55,7,5.2,aprobada,6,2025-03-01
761,46,56,8,4.8,aprobada,6,2025-08-01
762,46,57,8,6.1,aprobada,6,2025-08-01
763,46,58,8,4.6,aprobada,6,2025-08-01
764,46,59,8,3.3,reprobada,6,2025-08-01
765,46,60,8,5.8,aprobada,6,2025-08-01
766,47,171,1,6.1,aprobada,6,2022-03-01
767,47,172,1,6.9,aprobada,6,2022-03-01
768,47,173,1,4.3,aprobada,6,2022-03-01
769,47,174,1,4.1,aprobada,6,2022-03-01
770,47,175,1,4.7,aprobada,6,2022-03-01
771,47,176,2,4.0,aprobada,6,2022-08-01
772,47,177,2,5.2,aprobada,6,2022-08-01
773,47,178,2,5.8,aprobada,6,2022-08-01
774,47,179,2,5.8,aprobada,6,2022-08-01
775,47,180,2,3.7,reprobada,6,2022-08-01
776,47,181,3,5.1,aprobada,6,2023-03-01
777,47,182,3,5.5,aprobada,6,2023-03-01
778,47,183,3,5.6,aprobada,6,2023-03-01
779,47,184,3,3.9,reprobada,6,2023-03-01
780,47,185,3,4.6,aprobada,6,2023-03-01
781,47,186,4,5.3,aprobada,6,2023-08-01
782,47,187,4,4.9,aprobada,6,2023-08-01
783,47,188,4,5.4,aprobada,6,2023-08-01
784,47,189,4,3.5,reprobada,6,2023-08-01
785,47,190,4,5.7,aprobada,6,2023-08-01
786,47,191,5,5.3,aprobada,6,2024-03-01
787,47,192,5,4.2,aprobada,6,2024-03-01
788,47,193,5,4.7,aprobada,6,2024-03-01
789,47,194,5,5.1,aprobada,6,2024-03-01
790,47,195,5,5.5,aprobada,6,2024-03-01
791,48,81,4,4.1,aprobada,6,2023-08-01
792,48,82,4,6.0,aprobada,6,2023-08-01
793,48,83,4,5.2,aprobada,6,2023-08-01
794,48,84,4,5.4,aprobada,6,2023-08-01
795,48,85,4,5.8,aprobada,6,2023-08-01
796,48,86,5,3.7,reprobada,6,2024-03-01
797,48,87,5,4.4,aprobada,6,2024-03-01
798,48,88,5,6.0,aprobada,6,2024-03-01
799,48,89,5,5.1,aprobada,6,2024-03-01
800,48,90,5,4.6,aprobada,6,2024-03-01
801,48,91,6,5.7,aprobada,6,2024-08-01
802,48,92,6,5.1,aprobada,6,2024-08-01
803,48,93,6,5.7,aprobada,6,2024-08-01
804,48,94,6,4.5,aprobada,6,2024-08-01
805,48,95,6,4.2,aprobada,6,2024-08-01
806,48,96,7,4.2,aprobada,6,2025-03-01
807,48,97,7,5.0,aprobada,6,2025-03-01
808,48,98,7,6.0,aprobada,6,2025-03-01
809,48,99,7,6.0,aprobada,6,2025-03-01
810,48,100,7,5.6,aprobada,6,2025-03-01
811,48,101,8,5.1,aprobada,6,2025-08-01
812,48,102,8,4.0,aprobada,6,2025-08-01
813,48,103,8,4.0,aprobada,6,2025-08-01
814,48,104,8,4.4,aprobada,6,2025-08-01
815,48,105,8,5.9,aprobada,6,2025-08-01
816,49,106,8,5.4,aprobada,6,2025-08-01
817,49,107,8,4.9,aprobada,6,2025-08-01
818,49,108,8,4.1,aprobada,6,2025-08-01
819,49,109,8,5.9,aprobada,6,2025-08-01
820,49,110,8,4.8,aprobada,6,2025-08-01
821,50,81,2,4.9,aprobada,6,2022-08-01
822,50,82,2,5.7,aprobada,6,2022-08-01
823,50,83,2,3.2,reprobada,6,2022-08-01
824,50,84,2,5.9,aprobada,6,2022-08-01
825,50,85,2,5.3,aprobada,6,2022-08-01
826,50,86,3,5.3,aprobada,6,2023-03-01
827,50,87,3,5.3,aprobada,6,2023-03-01
828,50,88,3,4.7,aprobada,6,2023-03-01
829,50,89,3,5.8,aprobada,6,2023-03-01
830,50,90,3,3.9,reprobada,6,2023-03-01
831,50,91,4,4.3,aprobada,6,2023-08-01
832,50,92,4,4.6,aprobada,6,2023-08-01
833,50,93,4,5.1,aprobada,6,2023-08-01
834,50,94,4,5.5,aprobada,6,2023-08-01
835,50,95,4,4.7,aprobada,6,2023-08-01
836,50,96,5,7.0,aprobada,6,2024-03-01
837,50,97,5,5.3,aprobada,6,2024-03-01
838,50,98,5,4.8,aprobada,6,2024-03-01
839,50,99,5,3.5,reprobada,6,2024-03-01
840,50,100,5,5.9,aprobada,6,2024-03-01
841,50,101,6,5.2,aprobada,6,2024-08-01
842,50,102,6,4.2,aprobada,6,2024-08-01
843,50,103,6,6.2,aprobada,6,2024-08-01
844,50,104,6,5.2,aprobada,6,2024-08-01
845,50,105,6,4.9,aprobada,6,2024-08-01
846,51,41,2,4.6,aprobada,6,2022-08-01
847,51,42,2,4.4,aprobada,6,2022-08-01
848,51,43,2,3.6,reprobada,6,2022-08-01
849,51,44,2,4.7,aprobada,6,2022-08-01
850,51,45,2,5.2,aprobada,6,2022-08-01
851,51,46,3,4.6,aprobada,6,2023-03-01
852,51,47,3,3.8,reprobada,6,2023-03-01
853,51,48,3,2.6,reprobada,6,2023-03-01
854,51,49,3,6.2,aprobada,6,2023-03-01
855,51,50,3,6.0,aprobada,6,2023-03-01
856,51,51,4,5.3,aprobada,6,2023-08-01
857,51,52,4,5.9,aprobada,6,2023-08-01
858,51,53,4,5.3,aprobada,6,2023-08-01
859,51,54,4,4.9,aprobada,6,2023-08-01
860,51,55,4,5.6,aprobada,6,2023-08-01
861,52,1,8,5.3,aprobada,6,2025-08-01
862,52,2,8,4.4,aprobada,6,2025-08-01
863,52,3,8,5.6,aprobada,6,2025-08-01
864,52,4,8,4.9,aprobada,6,2025-08-01
865,52,5,8,2.3,reprobada,6,2025-08-01
866,53,1,3,5.3,aprobada,6,2023-03-01
867,53,2,3,4.9,aprobada,6,2023-03-01
868,53,3,3,5.3,aprobada,6,2023-03-01
869,53,4,3,5.8,aprobada,6,2023-03-01
870,53,5,3,4.8,aprobada,6,2023-03-01
871,54,1,6,4.9,aprobada,6,2024-08-01
872,54,2,6,3.3,reprobada,6,2024-08-01
873,54,3,6,5.5,aprobada,6,2024-08-01
874,54,4,6,3.9,reprobada,6,2024-08-01
875,54,5,6,3.8,reprobada,6,2024-08-01
876,54,6,7,3.5,reprobada,6,2025-03-01
877,54,7,7,4.5,aprobada,6,2025-03-01
878,54,8,7,4.1,aprobada,6,2025-03-01
879,54,9,7,5.8,aprobada,6,2025-03-01
880,54,10,7,5.0,aprobada,6,2025-03-01
881,54,11,8,6.2,aprobada,6,2025-08-01
882,54,12,8,4.0,aprobada,6,2025-08-01
883,54,13,8,5.1,aprobada,6,2025-08-01
884,54,14,8,4.3,aprobada,6,2025-08-01
885,54,15,8,4.8,aprobada,6,2025-08-01
886,55,81,6,3.7,reprobada,6,2024-08-01
887,55,82,6,4.7,aprobada,6,2024-08-01
888,55,83,6,5.2,aprobada,6,2024-08-01
889,55,84,6,4.9,aprobada,6,2024-08-01
890,55,85,6,4.4,aprobada,6,2024-08-01
891,55,86,7,6.5,aprobada,6,2025-03-01
892,55,87,7,4.9,aprobada,6,2025-03-01
893,55,88,7,4.0,aprobada,6,2025-03-01
894,55,89,7,3.8,reprobada,6,2025-03-01
895,55,90,7,4.9,aprobada,6,2025-03-01
896,55,91,8,4.8,aprobada,6,2025-08-01
897,55,92,8,5.6,aprobada,6,2025-08-01
898,55,93,8,5.2,aprobada,6,2025-08-01
899,55,94,8,5.3,aprobada,6,2025-08-01
900,55,95,8,4.1,aprobada,6,2025-08-01
901,56,131,3,3.9,reprobada,6,2023-03-01
902,56,132,3,5.5,aprobada,6,2023-03-01
903,56,133,3,4.6,aprobada,6,2023-03-01
904,56,134,3,5.1,aprobada,6,2023-03-01
905,56,135,3,5.6,aprobada,6,2023-03-01
906,57,81,8,4.4,aprobada,6,2025-08-01
907,57,82,8,5.3,aprobada,6,2025-08-01
908,57,83,8,3.9,reprobada,6,2025-08-01
909,57,84,8,5.3,aprobada,6,2025-08-01
910,57,85,8,4.3,aprobada,6,2025-08-01
911,58,131,3,5.4,aprobada,6,2023-03-01
912,58,132,3,4.8,aprobada,6,2023-03-01
913,58,133,3,6.0,aprobada,6,2023-03-01
914,58,134,3,3.7,reprobada,6,2023-03-01
915,58,135,3,5.8,aprobada,6,2023-03-01
916,58,136,4,3.9,reprobada,6,2023-08-01
917,58,137,4,6.1,aprobada,6,2023-08-01
918,58,138,4,3.7,reprobada,6,2023-08-01
919,58,139,4,5.1,aprobada,6,2023-08-01
920,58,140,4,5.0,aprobada,6,2023-08-01
921,58,141,5,4.6,aprobada,6,2024-03-01
922,58,142,5,4.8,aprobada,6,2024-03-01
923,58,143,5,4.8,aprobada,6,2024-03-01
924,58,144,5,4.7,aprobada,6,2024-03-01
925,58,145,5,5.2,aprobada,6,2024-03-01
926,58,146,6,5.7,aprobada,6,2024-08-01
927,58,147,6,5.7,aprobada,6,2024-08-01
928,58,148,6,5.1,aprobada,6,2024-08-01
929,58,149,6,5.0,aprobada,6,2024-08-01
930,58,150,6,4.6,aprobada,6,2024-08-01
931,58,151,7,3.6,reprobada,6,2025-03-01
932,58,152,7,6.9,aprobada,6,2025-03-01
933,58,153,7,4.5,aprobada,6,2025-03-01
934,58,154,7,4.5,aprobada,6,2025-03-01
935,58,155,7,4.9,aprobada,6,2025-03-01
936,58,156,8,4.0,aprobada,6,2025-08-01
937,58,157,8,3.6,reprobada,6,2025-08-01
938,58,158,8,5.7,aprobada,6,2025-08-01
939,58,159,8,4.2,aprobada,6,2025-08-01
940,58,160,8,3.9,reprobada,6,2025-08-01
941,59,41,3,6.0,aprobada,6,2023-03-01
942,59,42,3,5.3,aprobada,6,2023-03-01
943,59,43,3,5.2,aprobada,6,2023-03-01
944,59,44,3,3.5,reprobada,6,2023-03-01
945,59,45,3,4.6,aprobada,6,2023-03-01
946,59,46,4,4.8,aprobada,6,2023-08-01
947,59,47,4,5.4,aprobada,6,2023-08-01
948,59,48,4,5.8,aprobada,6,2023-08-01
949,59,49,4,4.8,aprobada,6,2023-08-01
950,59,50,4,5.6,aprobada,6,2023-08-01
951,59,51,5,6.1,aprobada,6,2024-03-01
952,59,52,5,6.3,aprobada,6,2024-03-01
953,59,53,5,5.5,aprobada,6,2024-03-01
954,59,54,5,5.4,aprobada,6,2024-03-01
955,59,55,5,6.0,aprobada,6,2024-03-01
956,59,56,6,4.7,aprobada,6,2024-08-01
957,59,57,6,6.7,aprobada,6,2024-08-01
958,59,58,6,5.6,aprobada,6,2024-08-01
959,59,59,6,4.2,aprobada,6,2024-08-01
960,59,60,6,5.2,aprobada,6,2024-08-01
961,59,61,7,3.0,reprobada,6,2025-03-01
962,59,62,7,7.0,aprobada,6,2025-03-01
963,59,63,7,5.1,aprobada,6,2025-03-01
964,59,64,7,5.5,aprobada,6,2025-03-01
965,59,65,7,6.5,aprobada,6,2025-03-01
966,59,66,8,3.1,reprobada,6,2025-08-01
967,59,67,8,5.4,aprobada,6,2025-08-01
968,59,68,8,6.2,aprobada,6,2025-08-01
969,59,69,8,5.0,aprobada,6,2025-08-01
970,59,70,8,5.6,aprobada,6,2025-08-01
971,60,81,3,4.9,aprobada,6,2023-03-01
972,60,82,3,4.5,aprobada,6,2023-03-01
973,60,83,3,5.0,aprobada,6,2023-03-01
974,60,84,3,5.1,aprobada,6,2023-03-01
975,60,85,3,4.5,aprobada,6,2023-03-01
976,60,86,4,5.3,aprobada,6,2023-08-01
977,60,87,4,5.2,aprobada,6,2023-08-01
978,60,88,4,5.6,aprobada,6,2023-08-01
979,60,89,4,3.8,reprobada,6,2023-08-01
980,60,90,4,5.6,aprobada,6,2023-08-01
981,60,91,5,4.5,aprobada,6,2024-03-01
982,60,92,5,5.4,aprobada,6,2024-03-01
983,60,93,5,4.5,aprobada,6,2024-03-01
984,60,94,5,6.3,aprobada,6,2024-03-01
985,60,95,5,4.3,aprobada,6,2024-03-01
986,60,96,6,6.2,aprobada,6,2024-08-01
987,60,97,6,5.0,aprobada,6,2024-08-01
988,60,98,6,2.3,reprobada,6,2024-08-01
989,60,99,6,4.9,aprobada,6,2024-08-01
990,60,100,6,4.6,aprobada,6,2024-08-01
991,60,101,7,4.6,aprobada,6,2025-03-01
992,60,102,7,5.9,aprobada,6,2025-03-01
993,60,103,7,5.2,aprobada,6,2025-03-01
994,60,104,7,5.1,aprobada,6,2025-03-01
995,60,105,7,4.0,aprobada,6,2025-03-01
996,61,171,5,4.7,aprobada,6,2024-03-01
997,61,172,5,4.5,aprobada,6,2024-03-01
998,61,173,5,4.3,aprobada,6,2024-03-01
999,61,174,5,5.6,aprobada,6,2024-03-01
1000,61,175,5,5.3,aprobada,6,2024-03-01
1001,61,176,6,5.7,aprobada,6,2024-08-01
1002,61,177,6,4.0,aprobada,6,2024-08-01
1003,61,178,6,5.3,aprobada,6,2024-08-01
1004,61,179,6,4.5,aprobada,6,2024-08-01
1005,61,180,6,5.7,aprobada,6,2024-08-01
1006,61,181,7,4.5,aprobada,6,2025-03-01
1007,61,182,7,5.6,aprobada,6,2025-03-01
1008,61,183,7,5.1,aprobada,6,2025-03-01
1009,61,184,7,5.2,aprobada,6,2025-03-01
1010,61,185,7,5.5,aprobada,6,2025-03-01
1011,61,186,8,5.0,aprobada,6,2025-08-01
1012,61,187,8,5.0,aprobada,6,2025-08-01
1013,61,188,8,5.8,aprobada,6,2025-08-01
1014,61,189,8,4.3,aprobada,6,2025-08-01
1015,61,190,8,6.2,aprobada,6,2025-08-01
1016,62,1,6,4.2,aprobada,6,2024-08-01
1017,62,2,6,5.1,aprobada,6,2024-08-01
1018,62,3,6,5.7,aprobada,6,2024-08-01
1019,62,4,6,4.3,aprobada,6,2024-08-01
1020,62,5,6,4.4,aprobada,6,2024-08-01
1021,62,6,7,3.6,reprobada,6,2025-03-01
1022,62,7,7,4.4,aprobada,6,2025-03-01
1023,62,8,7,3.7,reprobada,6,2025-03-01
1024,62,9,7,6.9,aprobada,6,2025-03-01
1025,62,10,7,4.9,aprobada,6,2025-03-01
1026,62,11,8,4.3,aprobada,6,2025-08-01
1027,62,12,8,5.1,aprobada,6,2025-08-01
1028,62,13,8,5.3,aprobada,6,2025-08-01
1029,62,14,8,5.7,aprobada,6,2025-08-01
1030,62,15,8,5.9,aprobada,6,2025-08-01
1031,63,1,1,5.0,aprobada,6,2022-03-01
1032,63,2,1,5.6,aprobada,6,2022-03-01
1033,63,3,1,6.1,aprobada,6,2022-03-01
1034,63,4,1,4.8,aprobada,6,2022-03-01
1035,63,5,1,4.3,aprobada,6,2022-03-01
1036,63,6,2,4.2,aprobada,6,2022-08-01
1037,63,7,2,5.0,aprobada,6,2022-08-01
1038,63,8,2,5.5,aprobada,6,2022-08-01
1039,63,9,2,5.1,aprobada,6,2022-08-01
1040,63,10,2,4.5,aprobada,6,2022-08-01
1041,63,11,3,4.8,aprobada,6,2023-03-01
1042,63,12,3,5.3,aprobada,6,2023-03-01
1043,63,13,3,4.6,aprobada,6,2023-03-01
1044,63,14,3,5.8,aprobada,6,2023-03-01
1045,63,15,3,4.4,aprobada,6,2023-03-01
1046,63,16,4,5.6,aprobada,6,2023-08-01
1047,63,17,4,4.7,aprobada,6,2023-08-01
1048,63,18,4,4.4,aprobada,6,2023-08-01
1049,63,19,4,5.5,aprobada,6,2023-08-01
1050,63,20,4,5.2,aprobada,6,2023-08-01
1051,63,21,5,5.7,aprobada,6,2024-03-01
1052,63,22,5,4.7,aprobada,6,2024-03-01
1053,63,23,5,3.9,reprobada,6,2024-03-01
1054,63,24,5,4.2,aprobada,6,2024-03-01
1055,63,25,5,5.8,aprobada,6,2024-03-01
1056,63,26,6,3.0,reprobada,6,2024-08-01
1057,63,27,6,4.0,aprobada,6,2024-08-01
1058,63,28,6,5.3,aprobada,6,2024-08-01
1059,63,29,6,5.3,aprobada,6,2024-08-01
1060,63,30,6,4.5,aprobada,6,2024-08-01
1061,64,131,5,5.1,aprobada,6,2024-03-01
1062,64,132,5,4.1,aprobada,6,2024-03-01
1063,64,133,5,6.1,aprobada,6,2024-03-01
1064,64,134,5,4.2,aprobada,6,2024-03-01
1065,64,135,5,4.2,aprobada,6,2024-03-01
1066,64,136,6,5.6,aprobada,6,2024-08-01
1067,64,137,6,5.4,aprobada,6,2024-08-01
1068,64,138,6,5.7,aprobada,6,2024-08-01
1069,64,139,6,5.5,aprobada,6,2024-08-01
1070,64,140,6,5.7,aprobada,6,2024-08-01
1071,64,141,7,5.6,aprobada,6,2025-03-01
1072,64,142,7,4.8,aprobada,6,2025-03-01
1073,64,143,7,4.4,aprobada,6,2025-03-01
1074,64,144,7,4.7,aprobada,6,2025-03-01
1075,64,145,7,5.3,aprobada,6,2025-03-01
1076,64,146,8,4.2,aprobada,6,2025-08-01
1077,64,147,8,4.3,aprobada,6,2025-08-01
1078,64,148,8,4.3,aprobada,6,2025-08-01
1079,64,149,8,6.2,aprobada,6,2025-08-01
1080,64,150,8,4.6,aprobada,6,2025-08-01
1081,65,131,6,5.9,aprobada,6,2024-08-01
1082,65,132,6,3.6,reprobada,6,2024-08-01
1083,65,133,6,5.0,aprobada,6,2024-08-01
1084,65,134,6,5.0,aprobada,6,2024-08-01
1085,65,135,6,3.4,reprobada,6,2024-08-01
1086,65,136,7,5.9,aprobada,6,2025-03-01
1087,65,137,7,6.4,aprobada,6,2025-03-01
1088,65,138,7,5.8,aprobada,6,2025-03-01
1089,65,139,7,5.3,aprobada,6,2025-03-01
1090,65,140,7,4.2,aprobada,6,2025-03-01
1091,65,141,8,5.5,aprobada,6,2025-08-01
1092,65,142,8,4.9,aprobada,6,2025-08-01
1093,65,143,8,4.7,aprobada,6,2025-08-01
1094,65,144,8,5.9,aprobada,6,2025-08-01
1095,65,145,8,4.5,aprobada,6,2025-08-01
1096,66,81,3,4.1,aprobada,6,2023-03-01
1097,66,82,3,4.8,aprobada,6,2023-03-01
1098,66,83,3,4.5,aprobada,6,2023-03-01
1099,66,84,3,6.3,aprobada,6,2023-03-01
1100,66,85,3,5.9,aprobada,6,2023-03-01
1101,66,86,4,5.3,aprobada,6,2023-08-01
1102,66,87,4,4.7,aprobada,6,2023-08-01
1103,66,88,4,5.9,aprobada,6,2023-08-01
1104,66,89,4,5.4,aprobada,6,2023-08-01
1105,66,90,4,4.6,aprobada,6,2023-08-01
1106,66,91,5,4.1,aprobada,6,2024-03-01
1107,66,92,5,3.8,reprobada,6,2024-03-01
1108,66,93,5,4.9,aprobada,6,2024-03-01
1109,66,94,5,4.1,aprobada,6,2024-03-01
1110,66,95,5,3.9,reprobada,6,2024-03-01
1111,66,96,6,6.0,aprobada,6,2024-08-01
1112,66,97,6,5.1,aprobada,6,2024-08-01
1113,66,98,6,6.0,aprobada,6,2024-08-01
1114,66,99,6,5.8,aprobada,6,2024-08-01
1115,66,100,6,5.3,aprobada,6,2024-08-01
1116,68,1,1,4.6,aprobada,6,2022-03-01
1117,68,2,1,6.3,aprobada,6,2022-03-01
1118,68,3,1,3.2,reprobada,6,2022-03-01
1119,68,4,1,5.8,aprobada,6,2022-03-01
1120,68,5,1,3.4,reprobada,6,2022-03-01
1121,68,6,2,4.7,aprobada,6,2022-08-01
1122,68,7,2,3.8,reprobada,6,2022-08-01
1123,68,8,2,5.0,aprobada,6,2022-08-01
1124,68,9,2,3.3,reprobada,6,2022-08-01
1125,68,10,2,4.3,aprobada,6,2022-08-01
1126,68,11,3,5.3,aprobada,6,2023-03-01
1127,68,12,3,5.1,aprobada,6,2023-03-01
1128,68,13,3,5.2,aprobada,6,2023-03-01
1129,68,14,3,3.6,reprobada,6,2023-03-01
1130,68,15,3,3.9,reprobada,6,2023-03-01
1131,68,16,4,4.3,aprobada,6,2023-08-01
1132,68,17,4,5.3,aprobada,6,2023-08-01
1133,68,18,4,3.9,reprobada,6,2023-08-01
1134,68,19,4,5.2,aprobada,6,2023-08-01
1135,68,20,4,5.0,aprobada,6,2023-08-01
1136,68,21,5,5.7,aprobada,6,2024-03-01
1137,68,22,5,4.8,aprobada,6,2024-03-01
1138,68,23,5,6.0,aprobada,6,2024-03-01
1139,68,24,5,3.8,reprobada,6,2024-03-01
1140,68,25,5,5.5,aprobada,6,2024-03-01
1141,68,26,6,4.2,aprobada,6,2024-08-01
1142,68,27,6,5.5,aprobada,6,2024-08-01
1143,68,28,6,6.4,aprobada,6,2024-08-01
1144,68,29,6,3.6,reprobada,6,2024-08-01
1145,68,30,6,4.3,aprobada,6,2024-08-01
1146,68,31,7,5.4,aprobada,6,2025-03-01
1147,68,32,7,4.1,aprobada,6,2025-03-01
1148,68,33,7,5.2,aprobada,6,2025-03-01
1149,68,34,7,5.5,aprobada,6,2025-03-01
1150,68,35,7,4.9,aprobada,6,2025-03-01
1151,68,36,8,5.0,aprobada,6,2025-08-01
1152,68,37,8,4.8,aprobada,6,2025-08-01
1153,68,38,8,5.4,aprobada,6,2025-08-01
1154,68,39,8,5.9,aprobada,6,2025-08-01
1155,68,40,8,5.7,aprobada,6,2025-08-01
1156,69,81,1,3.4,reprobada,6,2022-03-01
1157,69,82,1,5.1,aprobada,6,2022-03-01
1158,69,83,1,2.9,reprobada,6,2022-03-01
1159,69,84,1,5.3,aprobada,6,2022-03-01
1160,69,85,1,4.6,aprobada,6,2022-03-01
1161,70,106,5,5.0,aprobada,6,2024-03-01
1162,70,107,5,5.1,aprobada,6,2024-03-01
1163,70,108,5,3.8,reprobada,6,2024-03-01
1164,70,109,5,3.4,reprobada,6,2024-03-01
1165,70,110,5,4.5,aprobada,6,2024-03-01
1166,70,111,6,5.2,aprobada,6,2024-08-01
1167,70,112,6,6.3,aprobada,6,2024-08-01
1168,70,113,6,5.6,aprobada,6,2024-08-01
1169,70,114,6,3.4,reprobada,6,2024-08-01
1170,70,115,6,4.7,aprobada,6,2024-08-01
1171,70,116,7,5.3,aprobada,6,2025-03-01
1172,70,117,7,4.4,aprobada,6,2025-03-01
1173,70,118,7,5.0,aprobada,6,2025-03-01
1174,70,119,7,4.9,aprobada,6,2025-03-01
1175,70,120,7,5.0,aprobada,6,2025-03-01
1176,70,121,8,5.8,aprobada,6,2025-08-01
1177,70,122,8,4.9,aprobada,6,2025-08-01
1178,70,123,8,6.0,aprobada,6,2025-08-01
1179,70,124,8,4.0,aprobada,6,2025-08-01
1180,70,125,8,5.7,aprobada,6,2025-08-01
1181,71,106,3,4.4,aprobada,6,2023-03-01
1182,71,107,3,4.5,aprobada,6,2023-03-01
1183,71,108,3,4.9,aprobada,6,2023-03-01
1184,71,109,3,4.3,aprobada,6,2023-03-01
1185,71,110,3,5.7,aprobada,6,2023-03-01
1186,71,111,4,4.9,aprobada,6,2023-08-01
1187,71,112,4,4.6,aprobada,6,2023-08-01
1188,71,113,4,5.9,aprobada,6,2023-08-01
1189,71,114,4,3.5,reprobada,6,2023-08-01
1190,71,115,4,5.6,aprobada,6,2023-08-01
1191,71,116,5,4.1,aprobada,6,2024-03-01
1192,71,117,5,4.7,aprobada,6,2024-03-01
1193,71,118,5,5.5,aprobada,6,2024-03-01
1194,71,119,5,5.4,aprobada,6,2024-03-01
1195,71,120,5,5.4,aprobada,6,2024-03-01
1196,71,121,6,4.9,aprobada,6,2024-08-01
1197,71,122,6,5.4,aprobada,6,2024-08-01
1198,71,123,6,5.0,aprobada,6,2024-08-01
1199,71,124,6,4.9,aprobada,6,2024-08-01
1200,71,125,6,4.9,aprobada,6,2024-08-01
1201,71,126,7,5.5,aprobada,6,2025-03-01
1202,71,127,7,4.0,aprobada,6,2025-03-01
1203,71,128,7,4.6,aprobada,6,2025-03-01
1204,71,129,7,7.0,aprobada,6,2025-03-01
1205,71,130,7,6.2,aprobada,6,2025-03-01
1206,72,81,6,3.9,reprobada,6,2024-08-01
1207,72,82,6,4.9,aprobada,6,2024-08-01
1208,72,83,6,4.7,aprobada,6,2024-08-01
1209,72,84,6,4.1,aprobada,6,2024-08-01
1210,72,85,6,4.2,aprobada,6,2024-08-01
1211,72,86,7,4.3,aprobada,6,2025-03-01
1212,72,87,7,5.0,aprobada,6,2025-03-01
1213,72,88,7,5.0,aprobada,6,2025-03-01
1214,72,89,7,5.7,aprobada,6,2025-03-01
1215,72,90,7,4.0,aprobada,6,2025-03-01
1216,72,91,8,4.6,aprobada,6,2025-08-01
1217,72,92,8,5.5,aprobada,6,2025-08-01
1218,72,93,8,5.5,aprobada,6,2025-08-01
1219,72,94,8,5.2,aprobada,6,2025-08-01
1220,72,95,8,6.2,aprobada,6,2025-08-01
1221,73,106,6,4.1,aprobada,6,2024-08-01
1222,73,107,6,5.2,aprobada,6,2024-08-01
1223,73,108,6,4.8,aprobada,6,2024-08-01
1224,73,109,6,3.9,reprobada,6,2024-08-01
1225,73,110,6,4.9,aprobada,6,2024-08-01
1226,73,111,7,7.0,aprobada,6,2025-03-01
1227,73,112,7,3.8,reprobada,6,2025-03-01
1228,73,113,7,5.6,aprobada,6,2025-03-01
1229,73,114,7,5.1,aprobada,6,2025-03-01
1230,73,115,7,5.5,aprobada,6,2025-03-01
1231,73,116,8,3.7,reprobada,6,2025-08-01
1232,73,117,8,4.9,aprobada,6,2025-08-01
1233,73,118,8,3.0,reprobada,6,2025-08-01
1234,73,119,8,6.5,aprobada,6,2025-08-01
1235,73,120,8,3.7,reprobada,6,2025-08-01
1236,74,81,7,4.9,aprobada,6,2025-03-01
1237,74,82,7,6.1,aprobada,6,2025-03-01
1238,74,83,7,5.6,aprobada,6,2025-03-01
1239,74,84,7,4.1,aprobada,6,2025-03-01
1240,74,85,7,4.6,aprobada,6,2025-03-01
1241,74,86,8,3.9,reprobada,6,2025-08-01
1242,74,87,8,5.3,aprobada,6,2025-08-01
1243,74,88,8,5.1,aprobada,6,2025-08-01
1244,74,89,8,5.0,aprobada,6,2025-08-01
1245,74,90,8,5.7,aprobada,6,2025-08-01
1246,75,131,5,4.9,aprobada,6,2024-03-01
1247,75,132,5,5.5,aprobada,6,2024-03-01
1248,75,133,5,3.8,reprobada,6,2024-03-01
1249,75,134,5,4.0,aprobada,6,2024-03-01
1250,75,135,5,5.7,aprobada,6,2024-03-01
1251,75,136,6,5.3,aprobada,6,2024-08-01
1252,75,137,6,5.4,aprobada,6,2024-08-01
1253,75,138,6,4.8,aprobada,6,2024-08-01
1254,75,139,6,5.6,aprobada,6,2024-08-01
1255,75,140,6,5.7,aprobada,6,2024-08-01
1256,75,141,7,6.5,aprobada,6,2025-03-01
1257,75,142,7,5.0,aprobada,6,2025-03-01
1258,75,143,7,5.6,aprobada,6,2025-03-01
1259,75,144,7,5.6,aprobada,6,2025-03-01
1260,75,145,7,5.8,aprobada,6,2025-03-01
1261,75,146,8,4.8,aprobada,6,2025-08-01
1262,75,147,8,4.7,aprobada,6,2025-08-01
1263,75,148,8,4.8,aprobada,6,2025-08-01
1264,75,149,8,4.2,aprobada,6,2025-08-01
1265,75,150,8,4.8,aprobada,6,2025-08-01
1266,77,131,1,4.2,aprobada,6,2022-03-01
1267,77,132,1,3.1,reprobada,6,2022-03-01
1268,77,133,1,3.2,reprobada,6,2022-03-01
1269,77,134,1,5.6,aprobada,6,2022-03-01
1270,77,135,1,4.1,aprobada,6,2022-03-01
1271,77,136,2,5.0,aprobada,6,2022-08-01
1272,77,137,2,4.8,aprobada,6,2022-08-01
1273,77,138,2,6.9,aprobada,6,2022-08-01
1274,77,139,2,5.5,aprobada,6,2022-08-01
1275,77,140,2,3.6,reprobada,6,2022-08-01
1276,77,141,3,5.8,aprobada,6,2023-03-01
1277,77,142,3,5.2,aprobada,6,2023-03-01
1278,77,143,3,4.4,aprobada,6,2023-03-01
1279,77,144,3,3.9,reprobada,6,2023-03-01
1280,77,145,3,6.0,aprobada,6,2023-03-01
1281,77,146,4,5.1,aprobada,6,2023-08-01
1282,77,147,4,6.0,aprobada,6,2023-08-01
1283,77,148,4,4.1,aprobada,6,2023-08-01
1284,77,149,4,6.6,aprobada,6,2023-08-01
1285,77,150,4,4.8,aprobada,6,2023-08-01
1286,77,151,5,6.0,aprobada,6,2024-03-01
1287,77,152,5,6.0,aprobada,6,2024-03-01
1288,77,153,5,4.6,aprobada,6,2024-03-01
1289,77,154,5,4.3,aprobada,6,2024-03-01
1290,77,155,5,3.8,reprobada,6,2024-03-01
1291,77,156,6,4.9,aprobada,6,2024-08-01
1292,77,157,6,4.0,aprobada,6,2024-08-01
1293,77,158,6,4.8,aprobada,6,2024-08-01
1294,77,159,6,6.0,aprobada,6,2024-08-01
1295,77,160,6,4.3,aprobada,6,2024-08-01
1296,77,161,7,5.2,aprobada,6,2025-03-01
1297,77,162,7,5.0,aprobada,6,2025-03-01
1298,77,163,7,5.1,aprobada,6,2025-03-01
1299,77,164,7,5.1,aprobada,6,2025-03-01
1300,77,165,7,4.0,aprobada,6,2025-03-01
1301,77,166,8,4.5,aprobada,6,2025-08-01
1302,77,167,8,5.8,aprobada,6,2025-08-01
1303,77,168,8,5.7,aprobada,6,2025-08-01
1304,77,169,8,4.9,aprobada,6,2025-08-01
1305,77,170,8,5.5,aprobada,6,2025-08-01
1306,79,171,5,4.4,aprobada,6,2024-03-01
1307,79,172,5,3.4,reprobada,6,2024-03-01
1308,79,173,5,4.6,aprobada,6,2024-03-01
1309,79,174,5,6.6,aprobada,6,2024-03-01
1310,79,175,5,4.1,aprobada,6,2024-03-01
1311,79,176,6,5.0,aprobada,6,2024-08-01
1312,79,177,6,6.6,aprobada,6,2024-08-01
1313,79,178,6,6.2,aprobada,6,2024-08-01
1314,79,179,6,5.1,aprobada,6,2024-08-01
1315,79,180,6,5.5,aprobada,6,2024-08-01
1316,80,41,3,4.7,aprobada,6,2023-03-01
1317,80,42,3,3.5,reprobada,6,2023-03-01
1318,80,43,3,5.1,aprobada,6,2023-03-01
1319,80,44,3,4.9,aprobada,6,2023-03-01
1320,80,45,3,5.8,aprobada,6,2023-03-01
1321,80,46,4,4.3,aprobada,6,2023-08-01
1322,80,47,4,4.9,aprobada,6,2023-08-01
1323,80,48,4,4.4,aprobada,6,2023-08-01
1324,80,49,4,5.0,aprobada,6,2023-08-01
1325,80,50,4,2.5,reprobada,6,2023-08-01
1326,80,51,5,6.7,aprobada,6,2024-03-01
1327,80,52,5,5.7,aprobada,6,2024-03-01
1328,80,53,5,5.4,aprobada,6,2024-03-01
1329,80,54,5,6.0,aprobada,6,2024-03-01
1330,80,55,5,4.1,aprobada,6,2024-03-01
1331,80,56,6,5.9,aprobada,6,2024-08-01
1332,80,57,6,5.6,aprobada,6,2024-08-01
1333,80,58,6,6.1,aprobada,6,2024-08-01
1334,80,59,6,5.8,aprobada,6,2024-08-01
1335,80,60,6,5.7,aprobada,6,2024-08-01
1336,80,61,7,5.0,aprobada,6,2025-03-01
1337,80,62,7,5.4,aprobada,6,2025-03-01
1338,80,63,7,4.1,aprobada,6,2025-03-01
1339,80,64,7,4.5,aprobada,6,2025-03-01
1340,80,65,7,4.7,aprobada,6,2025-03-01
1341,80,66,8,5.6,aprobada,6,2025-08-01
1342,80,67,8,6.4,aprobada,6,2025-08-01
1343,80,68,8,5.4,aprobada,6,2025-08-01
1344,80,69,8,4.5,aprobada,6,2025-08-01
1345,80,70,8,5.5,aprobada,6,2025-08-01
1346,81,106,1,4.2,aprobada,6,2022-03-01
1347,81,107,1,3.7,reprobada,6,2022-03-01
1348,81,108,1,4.5,aprobada,6,2022-03-01
1349,81,109,1,3.3,reprobada,6,2022-03-01
1350,81,110,1,4.2,aprobada,6,2022-03-01
1351,81,111,2,5.2,aprobada,6,2022-08-01
1352,81,112,2,5.3,aprobada,6,2022-08-01
1353,81,113,2,3.5,reprobada,6,2022-08-01
1354,81,114,2,4.6,aprobada,6,2022-08-01
1355,81,115,2,3.6,reprobada,6,2022-08-01
1356,81,116,3,5.6,aprobada,6,2023-03-01
1357,81,117,3,5.7,aprobada,6,2023-03-01
1358,81,118,3,3.9,reprobada,6,2023-03-01
1359,81,119,3,5.3,aprobada,6,2023-03-01
1360,81,120,3,3.5,reprobada,6,2023-03-01
1361,81,121,4,5.4,aprobada,6,2023-08-01
1362,81,122,4,4.9,aprobada,6,2023-08-01
1363,81,123,4,6.6,aprobada,6,2023-08-01
1364,81,124,4,3.8,reprobada,6,2023-08-01
1365,81,125,4,4.8,aprobada,6,2023-08-01
1366,81,126,5,6.1,aprobada,6,2024-03-01
1367,81,127,5,5.4,aprobada,6,2024-03-01
1368,81,128,5,5.6,aprobada,6,2024-03-01
1369,81,129,5,2.9,reprobada,6,2024-03-01
1370,81,130,5,5.5,aprobada,6,2024-03-01
1371,83,106,3,4.5,aprobada,6,2023-03-01
1372,83,107,3,4.1,aprobada,6,2023-03-01
1373,83,108,3,4.7,aprobada,6,2023-03-01
1374,83,109,3,7.0,aprobada,6,2023-03-01
1375,83,110,3,5.6,aprobada,6,2023-03-01
1376,83,111,4,4.9,aprobada,6,2023-08-01
1377,83,112,4,5.7,aprobada,6,2023-08-01
1378,83,113,4,4.8,aprobada,6,2023-08-01
1379,83,114,4,5.7,aprobada,6,2023-08-01
1380,83,115,4,3.8,reprobada,6,2023-08-01
1381,83,116,5,5.4,aprobada,6,2024-03-01
1382,83,117,5,5.4,aprobada,6,2024-03-01
1383,83,118,5,5.1,aprobada,6,2024-03-01
1384,83,119,5,5.6,aprobada,6,2024-03-01
1385,83,120,5,5.8,aprobada,6,2024-03-01
1386,83,121,6,6.2,aprobada,6,2024-08-01
1387,83,122,6,4.6,aprobada,6,2024-08-01
1388,83,123,6,5.2,aprobada,6,2024-08-01
1389,83,124,6,5.1,aprobada,6,2024-08-01
1390,83,125,6,4.6,aprobada,6,2024-08-01
1391,83,126,7,5.0,aprobada,6,2025-03-01
1392,83,127,7,5.9,aprobada,6,2025-03-01
1393,83,128,7,4.6,aprobada,6,2025-03-01
1394,83,129,7,5.6,aprobada,6,2025-03-01
1395,83,130,7,6.1,aprobada,6,2025-03-01
1396,84,41,3,4.6,aprobada,6,2023-03-01
1397,84,42,3,4.3,aprobada,6,2023-03-01
1398,84,43,3,4.2,aprobada,6,2023-03-01
1399,84,44,3,5.3,aprobada,6,2023-03-01
1400,84,45,3,4.3,aprobada,6,2023-03-01
1401,84,46,4,7.0,aprobada,6,2023-08-01
1402,84,47,4,4.1,aprobada,6,2023-08-01
1403,84,48,4,4.9,aprobada,6,2023-08-01
1404,84,49,4,7.0,aprobada,6,2023-08-01
1405,84,50,4,4.0,aprobada,6,2023-08-01
1406,86,106,7,5.0,aprobada,6,2025-03-01
1407,86,107,7,4.9,aprobada,6,2025-03-01
1408,86,108,7,4.0,aprobada,6,2025-03-01
1409,86,109,7,6.1,aprobada,6,2025-03-01
1410,86,110,7,4.4,aprobada,6,2025-03-01
1411,86,111,8,5.6,aprobada,6,2025-08-01
1412,86,112,8,5.1,aprobada,6,2025-08-01
1413,86,113,8,5.7,aprobada,6,2025-08-01
1414,86,114,8,5.1,aprobada,6,2025-08-01
1415,86,115,8,3.4,reprobada,6,2025-08-01
1416,88,81,7,5.7,aprobada,6,2025-03-01
1417,88,82,7,5.2,aprobada,6,2025-03-01
1418,88,83,7,4.5,aprobada,6,2025-03-01
1419,88,84,7,5.5,aprobada,6,2025-03-01
1420,88,85,7,5.1,aprobada,6,2025-03-01
1421,88,86,8,4.7,aprobada,6,2025-08-01
1422,88,87,8,4.4,aprobada,6,2025-08-01
1423,88,88,8,4.6,aprobada,6,2025-08-01
1424,88,89,8,4.6,aprobada,6,2025-08-01
1425,88,90,8,4.2,aprobada,6,2025-08-01
1426,89,171,3,5.1,aprobada,6,2023-03-01
1427,89,172,3,4.8,aprobada,6,2023-03-01
1428,89,173,3,5.4,aprobada,6,2023-03-01
1429,89,174,3,4.1,aprobada,6,2023-03-01
1430,89,175,3,3.3,reprobada,6,2023-03-01
1431,89,176,4,3.1,reprobada,6,2023-08-01
1432,89,177,4,6.1,aprobada,6,2023-08-01
1433,89,178,4,4.6,aprobada,6,2023-08-01
1434,89,179,4,6.4,aprobada,6,2023-08-01
1435,89,180,4,4.2,aprobada,6,2023-08-01
1436,89,181,5,4.6,aprobada,6,2024-03-01
1437,89,182,5,5.7,aprobada,6,2024-03-01
1438,89,183,5,4.3,aprobada,6,2024-03-01
1439,89,184,5,5.0,aprobada,6,2024-03-01
1440,89,185,5,5.4,aprobada,6,2024-03-01
1441,90,106,6,5.4,aprobada,6,2024-08-01
1442,90,107,6,4.8,aprobada,6,2024-08-01
1443,90,108,6,5.0,aprobada,6,2024-08-01
1444,90,109,6,4.7,aprobada,6,2024-08-01
1445,90,110,6,5.6,aprobada,6,2024-08-01
1446,90,111,7,5.3,aprobada,6,2025-03-01
1447,90,112,7,5.4,aprobada,6,2025-03-01
1448,90,113,7,5.4,aprobada,6,2025-03-01
1449,90,114,7,6.3,aprobada,6,2025-03-01
1450,90,115,7,3.3,reprobada,6,2025-03-01
1451,90,116,8,5.2,aprobada,6,2025-08-01
1452,90,117,8,3.9,reprobada,6,2025-08-01
1453,90,118,8,4.3,aprobada,6,2025-08-01
1454,90,119,8,4.1,aprobada,6,2025-08-01
1455,90,120,8,4.5,aprobada,6,2025-08-01
1456,91,131,7,5.8,aprobada,6,2025-03-01
1457,91,132,7,4.2,aprobada,6,2025-03-01
1458,91,133,7,4.2,aprobada,6,2025-03-01
1459,91,134,7,4.5,aprobada,6,2025-03-01
1460,91,135,7,5.9,aprobada,6,2025-03-01
1461,91,136,8,4.2,aprobada,6,2025-08-01
1462,91,137,8,5.9,aprobada,6,2025-08-01
1463,91,138,8,5.0,aprobada,6,2025-08-01
1464,91,139,8,4.8,aprobada,6,2025-08-01
1465,91,140,8,5.5,aprobada,6,2025-08-01
1466,92,81,3,5.6,aprobada,6,2023-03-01
1467,92,82,3,6.1,aprobada,6,2023-03-01
1468,92,83,3,4.9,aprobada,6,2023-03-01
1469,92,84,3,5.0,aprobada,6,2023-03-01
1470,92,85,3,5.9,aprobada,6,2023-03-01
1471,92,86,4,4.9,aprobada,6,2023-08-01
1472,92,87,4,3.9,reprobada,6,2023-08-01
1473,92,88,4,5.4,aprobada,6,2023-08-01
1474,92,89,4,6.2,aprobada,6,2023-08-01
1475,92,90,4,7.0,aprobada,6,2023-08-01
1476,92,91,5,5.6,aprobada,6,2024-03-01
1477,92,92,5,4.9,aprobada,6,2024-03-01
1478,92,93,5,4.8,aprobada,6,2024-03-01
1479,92,94,5,4.6,aprobada,6,2024-03-01
1480,92,95,5,5.6,aprobada,6,2024-03-01
1481,92,96,6,4.5,aprobada,6,2024-08-01
1482,92,97,6,5.5,aprobada,6,2024-08-01
1483,92,98,6,5.4,aprobada,6,2024-08-01
1484,92,99,6,4.2,aprobada,6,2024-08-01
1485,92,100,6,5.7,aprobada,6,2024-08-01
1486,92,101,7,5.7,aprobada,6,2025-03-01
1487,92,102,7,6.3,aprobada,6,2025-03-01
1488,92,103,7,4.8,aprobada,6,2025-03-01
1489,92,104,7,4.1,aprobada,6,2025-03-01
1490,92,105,7,5.2,aprobada,6,2025-03-01
1491,93,131,7,5.3,aprobada,6,2025-03-01
1492,93,132,7,4.2,aprobada,6,2025-03-01
1493,93,133,7,6.2,aprobada,6,2025-03-01
1494,93,134,7,4.7,aprobada,6,2025-03-01
1495,93,135,7,4.7,aprobada,6,2025-03-01
1496,93,136,8,6.3,aprobada,6,2025-08-01
1497,93,137,8,5.1,aprobada,6,2025-08-01
1498,93,138,8,5.5,aprobada,6,2025-08-01
1499,93,139,8,5.8,aprobada,6,2025-08-01
1500,93,140,8,5.6,aprobada,6,2025-08-01
1501,94,41,5,5.3,aprobada,6,2024-03-01
1502,94,42,5,4.7,aprobada,6,2024-03-01
1503,94,43,5,5.2,aprobada,6,2024-03-01
1504,94,44,5,5.7,aprobada,6,2024-03-01
1505,94,45,5,4.5,aprobada,6,2024-03-01
1506,94,46,6,3.2,reprobada,6,2024-08-01
1507,94,47,6,4.2,aprobada,6,2024-08-01
1508,94,48,6,4.2,aprobada,6,2024-08-01
1509,94,49,6,4.5,aprobada,6,2024-08-01
1510,94,50,6,4.6,aprobada,6,2024-08-01
1511,94,51,7,5.2,aprobada,6,2025-03-01
1512,94,52,7,4.5,aprobada,6,2025-03-01
1513,94,53,7,5.1,aprobada,6,2025-03-01
1514,94,54,7,3.3,reprobada,6,2025-03-01
1515,94,55,7,6.4,aprobada,6,2025-03-01
1516,94,56,8,5.7,aprobada,6,2025-08-01
1517,94,57,8,5.9,aprobada,6,2025-08-01
1518,94,58,8,4.8,aprobada,6,2025-08-01
1519,94,59,8,4.8,aprobada,6,2025-08-01
1520,94,60,8,3.5,reprobada,6,2025-08-01
1521,95,1,2,4.6,aprobada,6,2022-08-01
1522,95,2,2,6.2,aprobada,6,2022-08-01
1523,95,3,2,6.0,aprobada,6,2022-08-01
1524,95,4,2,4.5,aprobada,6,2022-08-01
1525,95,5,2,5.1,aprobada,6,2022-08-01
1526,95,6,3,6.2,aprobada,6,2023-03-01
1527,95,7,3,5.3,aprobada,6,2023-03-01
1528,95,8,3,5.9,aprobada,6,2023-03-01
1529,95,9,3,4.2,aprobada,6,2023-03-01
1530,95,10,3,4.1,aprobada,6,2023-03-01
1531,96,41,7,5.5,aprobada,6,2025-03-01
1532,96,42,7,5.1,aprobada,6,2025-03-01
1533,96,43,7,5.2,aprobada,6,2025-03-01
1534,96,44,7,5.5,aprobada,6,2025-03-01
1535,96,45,7,4.3,aprobada,6,2025-03-01
1536,96,46,8,5.0,aprobada,6,2025-08-01
1537,96,47,8,6.3,aprobada,6,2025-08-01
1538,96,48,8,5.1,aprobada,6,2025-08-01
1539,96,49,8,4.2,aprobada,6,2025-08-01
1540,96,50,8,4.7,aprobada,6,2025-08-01
1541,97,106,3,4.3,aprobada,6,2023-03-01
1542,97,107,3,3.5,reprobada,6,2023-03-01
1543,97,108,3,5.5,aprobada,6,2023-03-01
1544,97,109,3,5.4,aprobada,6,2023-03-01
1545,97,110,3,3.3,reprobada,6,2023-03-01
1546,97,111,4,5.3,aprobada,6,2023-08-01
1547,97,112,4,5.9,aprobada,6,2023-08-01
1548,97,113,4,6.0,aprobada,6,2023-08-01
1549,97,114,4,5.7,aprobada,6,2023-08-01
1550,97,115,4,4.8,aprobada,6,2023-08-01
1551,97,116,5,4.6,aprobada,6,2024-03-01
1552,97,117,5,5.1,aprobada,6,2024-03-01
1553,97,118,5,4.4,aprobada,6,2024-03-01
1554,97,119,5,4.3,aprobada,6,2024-03-01
1555,97,120,5,4.5,aprobada,6,2024-03-01
1556,97,121,6,5.3,aprobada,6,2024-08-01
1557,97,122,6,4.6,aprobada,6,2024-08-01
1558,97,123,6,5.7,aprobada,6,2024-08-01
1559,97,124,6,5.6,aprobada,6,2024-08-01
1560,97,125,6,3.5,reprobada,6,2024-08-01
1561,100,106,1,6.8,aprobada,6,2022-03-01
1562,100,107,1,3.4,reprobada,6,2022-03-01
1563,100,108,1,4.7,aprobada,6,2022-03-01
1564,100,109,1,5.1,aprobada,6,2022-03-01
1565,100,110,1,5.3,aprobada,6,2022-03-01
1566,100,111,2,5.2,aprobada,6,2022-08-01
1567,100,112,2,3.6,reprobada,6,2022-08-01
1568,100,113,2,3.7,reprobada,6,2022-08-01
1569,100,114,2,6.0,aprobada,6,2022-08-01
1570,100,115,2,5.2,aprobada,6,2022-08-01
1571,100,116,3,5.1,aprobada,6,2023-03-01
1572,100,117,3,5.7,aprobada,6,2023-03-01
1573,100,118,3,6.9,aprobada,6,2023-03-01
1574,100,119,3,5.5,aprobada,6,2023-03-01
1575,100,120,3,4.0,aprobada,6,2023-03-01
1576,100,121,4,5.8,aprobada,6,2023-08-01
1577,100,122,4,4.4,aprobada,6,2023-08-01
1578,100,123,4,4.9,aprobada,6,2023-08-01
1579,100,124,4,5.8,aprobada,6,2023-08-01
1580,100,125,4,4.3,aprobada,6,2023-08-01
1581,100,126,5,6.7,aprobada,6,2024-03-01
1582,100,127,5,5.5,aprobada,6,2024-03-01
1583,100,128,5,6.4,aprobada,6,2024-03-01
1584,100,129,5,4.8,aprobada,6,2024-03-01
1585,100,130,5,5.9,aprobada,6,2024-03-01
1586,101,106,3,2.8,reprobada,6,2023-03-01
1587,101,107,3,6.0,aprobada,6,2023-03-01
1588,101,108,3,5.2,aprobada,6,2023-03-01
1589,101,109,3,4.3,aprobada,6,2023-03-01
1590,101,110,3,5.4,aprobada,6,2023-03-01
1591,101,111,4,5.1,aprobada,6,2023-08-01
1592,101,112,4,5.0,aprobada,6,2023-08-01
1593,101,113,4,5.5,aprobada,6,2023-08-01
1594,101,114,4,3.9,reprobada,6,2023-08-01
1595,101,115,4,3.5,reprobada,6,2023-08-01
1596,101,116,5,5.1,aprobada,6,2024-03-01
1597,101,117,5,5.7,aprobada,6,2024-03-01
1598,101,118,5,5.3,aprobada,6,2024-03-01
1599,101,119,5,4.9,aprobada,6,2024-03-01
1600,101,120,5,5.6,aprobada,6,2024-03-01
1601,101,121,6,6.5,aprobada,6,2024-08-01
1602,101,122,6,4.2,aprobada,6,2024-08-01
1603,101,123,6,4.4,aprobada,6,2024-08-01
1604,101,124,6,5.7,aprobada,6,2024-08-01
1605,101,125,6,5.0,aprobada,6,2024-08-01
1606,101,126,7,3.8,reprobada,6,2025-03-01
1607,101,127,7,5.0,aprobada,6,2025-03-01
1608,101,128,7,3.6,reprobada,6,2025-03-01
1609,101,129,7,4.4,aprobada,6,2025-03-01
1610,101,130,7,4.2,aprobada,6,2025-03-01
1611,102,81,5,5.2,aprobada,6,2024-03-01
1612,102,82,5,4.8,aprobada,6,2024-03-01
1613,102,83,5,3.0,reprobada,6,2024-03-01
1614,102,84,5,4.3,aprobada,6,2024-03-01
1615,102,85,5,4.1,aprobada,6,2024-03-01
1616,103,41,8,5.6,aprobada,6,2025-08-01
1617,103,42,8,5.7,aprobada,6,2025-08-01
1618,103,43,8,3.7,reprobada,6,2025-08-01
1619,103,44,8,4.1,aprobada,6,2025-08-01
1620,103,45,8,4.2,aprobada,6,2025-08-01
1621,104,106,4,5.5,aprobada,6,2023-08-01
1622,104,107,4,3.8,reprobada,6,2023-08-01
1623,104,108,4,3.2,reprobada,6,2023-08-01
1624,104,109,4,5.8,aprobada,6,2023-08-01
1625,104,110,4,6.2,aprobada,6,2023-08-01
1626,104,111,5,5.8,aprobada,6,2024-03-01
1627,104,112,5,5.1,aprobada,6,2024-03-01
1628,104,113,5,4.3,aprobada,6,2024-03-01
1629,104,114,5,3.1,reprobada,6,2024-03-01
1630,104,115,5,6.5,aprobada,6,2024-03-01
1631,105,106,7,4.8,aprobada,6,2025-03-01
1632,105,107,7,4.5,aprobada,6,2025-03-01
1633,105,108,7,4.6,aprobada,6,2025-03-01
1634,105,109,7,4.3,aprobada,6,2025-03-01
1635,105,110,7,3.1,reprobada,6,2025-03-01
1636,105,111,8,4.9,aprobada,6,2025-08-01
1637,105,112,8,4.8,aprobada,6,2025-08-01
1638,105,113,8,4.6,aprobada,6,2025-08-01
1639,105,114,8,4.3,aprobada,6,2025-08-01
1640,105,115,8,5.4,aprobada,6,2025-08-01
1641,106,81,5,5.8,aprobada,6,2024-03-01
1642,106,82,5,6.2,aprobada,6,2024-03-01
1643,106,83,5,4.8,aprobada,6,2024-03-01
1644,106,84,5,3.5,reprobada,6,2024-03-01
1645,106,85,5,6.1,aprobada,6,2024-03-01
1646,106,86,6,4.3,aprobada,6,2024-08-01
1647,106,87,6,4.8,aprobada,6,2024-08-01
1648,106,88,6,4.1,aprobada,6,2024-08-01
1649,106,89,6,5.2,aprobada,6,2024-08-01
1650,106,90,6,5.1,aprobada,6,2024-08-01
1651,106,91,7,6.0,aprobada,6,2025-03-01
1652,106,92,7,6.1,aprobada,6,2025-03-01
1653,106,93,7,3.8,reprobada,6,2025-03-01
1654,106,94,7,4.6,aprobada,6,2025-03-01
1655,106,95,7,5.1,aprobada,6,2025-03-01
1656,106,96,8,4.8,aprobada,6,2025-08-01
1657,106,97,8,5.8,aprobada,6,2025-08-01
1658,106,98,8,4.4,aprobada,6,2025-08-01
1659,106,99,8,5.3,aprobada,6,2025-08-01
1660,106,100,8,5.3,aprobada,6,2025-08-01
1661,108,171,5,5.7,aprobada,6,2024-03-01
1662,108,172,5,3.7,reprobada,6,2024-03-01
1663,108,173,5,3.8,reprobada,6,2024-03-01
1664,108,174,5,4.0,aprobada,6,2024-03-01
1665,108,175,5,5.3,aprobada,6,2024-03-01
1666,108,176,6,5.5,aprobada,6,2024-08-01
1667,108,177,6,4.8,aprobada,6,2024-08-01
1668,108,178,6,4.5,aprobada,6,2024-08-01
1669,108,179,6,5.8,aprobada,6,2024-08-01
1670,108,180,6,5.8,aprobada,6,2024-08-01
1671,108,181,7,5.1,aprobada,6,2025-03-01
1672,108,182,7,5.8,aprobada,6,2025-03-01
1673,108,183,7,4.3,aprobada,6,2025-03-01
1674,108,184,7,4.7,aprobada,6,2025-03-01
1675,108,185,7,4.2,aprobada,6,2025-03-01
1676,108,186,8,5.5,aprobada,6,2025-08-01
1677,108,187,8,5.6,aprobada,6,2025-08-01
1678,108,188,8,6.0,aprobada,6,2025-08-01
1679,108,189,8,6.0,aprobada,6,2025-08-01
1680,108,190,8,4.1,aprobada,6,2025-08-01
1681,109,171,8,3.4,reprobada,6,2025-08-01
1682,109,172,8,4.9,aprobada,6,2025-08-01
1683,109,173,8,4.2,aprobada,6,2025-08-01
1684,109,174,8,3.7,reprobada,6,2025-08-01
1685,109,175,8,5.2,aprobada,6,2025-08-01
1686,110,81,2,2.6,reprobada,6,2022-08-01
1687,110,82,2,5.2,aprobada,6,2022-08-01
1688,110,83,2,5.4,aprobada,6,2022-08-01
1689,110,84,2,3.6,reprobada,6,2022-08-01
1690,110,85,2,4.9,aprobada,6,2022-08-01
1691,110,86,3,4.9,aprobada,6,2023-03-01
1692,110,87,3,5.5,aprobada,6,2023-03-01
1693,110,88,3,4.4,aprobada,6,2023-03-01
1694,110,89,3,3.3,reprobada,6,2023-03-01
1695,110,90,3,5.7,aprobada,6,2023-03-01
1696,110,91,4,4.6,aprobada,6,2023-08-01
1697,110,92,4,6.3,aprobada,6,2023-08-01
1698,110,93,4,7.0,aprobada,6,2023-08-01
1699,110,94,4,5.4,aprobada,6,2023-08-01
1700,110,95,4,5.2,aprobada,6,2023-08-01
1701,110,96,5,4.3,aprobada,6,2024-03-01
1702,110,97,5,5.4,aprobada,6,2024-03-01
1703,110,98,5,5.6,aprobada,6,2024-03-01
1704,110,99,5,4.6,aprobada,6,2024-03-01
1705,110,100,5,4.4,aprobada,6,2024-03-01
1706,110,101,6,4.5,aprobada,6,2024-08-01
1707,110,102,6,5.2,aprobada,6,2024-08-01
1708,110,103,6,5.3,aprobada,6,2024-08-01
1709,110,104,6,5.7,aprobada,6,2024-08-01
1710,110,105,6,6.2,aprobada,6,2024-08-01
1711,111,171,1,5.4,aprobada,6,2022-03-01
1712,111,172,1,5.1,aprobada,6,2022-03-01
1713,111,173,1,2.8,reprobada,6,2022-03-01
1714,111,174,1,4.7,aprobada,6,2022-03-01
1715,111,175,1,4.0,aprobada,6,2022-03-01
1716,112,1,7,3.8,reprobada,6,2025-03-01
1717,112,2,7,6.0,aprobada,6,2025-03-01
1718,112,3,7,2.5,reprobada,6,2025-03-01
1719,112,4,7,4.0,aprobada,6,2025-03-01
1720,112,5,7,4.0,aprobada,6,2025-03-01
1721,112,6,8,5.7,aprobada,6,2025-08-01
1722,112,7,8,4.5,aprobada,6,2025-08-01
1723,112,8,8,4.1,aprobada,6,2025-08-01
1724,112,9,8,4.9,aprobada,6,2025-08-01
1725,112,10,8,6.1,aprobada,6,2025-08-01
1726,113,171,5,4.1,aprobada,6,2024-03-01
1727,113,172,5,6.4,aprobada,6,2024-03-01
1728,113,173,5,4.2,aprobada,6,2024-03-01
1729,113,174,5,5.0,aprobada,6,2024-03-01
1730,113,175,5,4.9,aprobada,6,2024-03-01
1731,113,176,6,4.3,aprobada,6,2024-08-01
1732,113,177,6,5.3,aprobada,6,2024-08-01
1733,113,178,6,3.6,reprobada,6,2024-08-01
1734,113,179,6,4.7,aprobada,6,2024-08-01
1735,113,180,6,4.1,aprobada,6,2024-08-01
1736,113,181,7,5.0,aprobada,6,2025-03-01
1737,113,182,7,5.4,aprobada,6,2025-03-01
1738,113,183,7,5.4,aprobada,6,2025-03-01
1739,113,184,7,2.7,reprobada,6,2025-03-01
1740,113,185,7,4.5,aprobada,6,2025-03-01
1741,113,186,8,3.4,reprobada,6,2025-08-01
1742,113,187,8,4.8,aprobada,6,2025-08-01
1743,113,188,8,5.5,aprobada,6,2025-08-01
1744,113,189,8,5.0,aprobada,6,2025-08-01
1745,113,190,8,6.6,aprobada,6,2025-08-01
1746,115,81,4,4.5,aprobada,6,2023-08-01
1747,115,82,4,5.2,aprobada,6,2023-08-01
1748,115,83,4,6.4,aprobada,6,2023-08-01
1749,115,84,4,6.7,aprobada,6,2023-08-01
1750,115,85,4,7.0,aprobada,6,2023-08-01
1751,115,86,5,4.8,aprobada,6,2024-03-01
1752,115,87,5,4.9,aprobada,6,2024-03-01
1753,115,88,5,5.7,aprobada,6,2024-03-01
1754,115,89,5,5.6,aprobada,6,2024-03-01
1755,115,90,5,3.3,reprobada,6,2024-03-01
1756,115,91,6,5.0,aprobada,6,2024-08-01
1757,115,92,6,6.0,aprobada,6,2024-08-01
1758,115,93,6,4.1,aprobada,6,2024-08-01
1759,115,94,6,2.7,reprobada,6,2024-08-01
1760,115,95,6,3.3,reprobada,6,2024-08-01
1761,116,106,8,6.2,aprobada,6,2025-08-01
1762,116,107,8,5.2,aprobada,6,2025-08-01
1763,116,108,8,5.9,aprobada,6,2025-08-01
1764,116,109,8,5.4,aprobada,6,2025-08-01
1765,116,110,8,4.9,aprobada,6,2025-08-01
1766,117,131,2,5.1,aprobada,6,2022-08-01
1767,117,132,2,4.4,aprobada,6,2022-08-01
1768,117,133,2,4.1,aprobada,6,2022-08-01
1769,117,134,2,5.7,aprobada,6,2022-08-01
1770,117,135,2,5.3,aprobada,6,2022-08-01
1771,117,136,3,4.3,aprobada,6,2023-03-01
1772,117,137,3,5.3,aprobada,6,2023-03-01
1773,117,138,3,3.3,reprobada,6,2023-03-01
1774,117,139,3,5.1,aprobada,6,2023-03-01
1775,117,140,3,4.5,aprobada,6,2023-03-01
1776,117,141,4,4.6,aprobada,6,2023-08-01
1777,117,142,4,4.1,aprobada,6,2023-08-01
1778,117,143,4,5.4,aprobada,6,2023-08-01
1779,117,144,4,6.0,aprobada,6,2023-08-01
1780,117,145,4,4.5,aprobada,6,2023-08-01
1781,117,146,5,5.9,aprobada,6,2024-03-01
1782,117,147,5,4.7,aprobada,6,2024-03-01
1783,117,148,5,6.6,aprobada,6,2024-03-01
1784,117,149,5,6.6,aprobada,6,2024-03-01
1785,117,150,5,5.3,aprobada,6,2024-03-01
1786,117,151,6,4.6,aprobada,6,2024-08-01
1787,117,152,6,5.4,aprobada,6,2024-08-01
1788,117,153,6,5.2,aprobada,6,2024-08-01
1789,117,154,6,4.9,aprobada,6,2024-08-01
1790,117,155,6,4.8,aprobada,6,2024-08-01
1791,117,156,7,4.0,aprobada,6,2025-03-01
1792,117,157,7,4.3,aprobada,6,2025-03-01
1793,117,158,7,4.3,aprobada,6,2025-03-01
1794,117,159,7,3.7,reprobada,6,2025-03-01
1795,117,160,7,3.8,reprobada,6,2025-03-01
1796,117,161,8,6.1,aprobada,6,2025-08-01
1797,117,162,8,4.6,aprobada,6,2025-08-01
1798,117,163,8,6.1,aprobada,6,2025-08-01
1799,117,164,8,5.4,aprobada,6,2025-08-01
1800,117,165,8,5.2,aprobada,6,2025-08-01
1801,118,81,7,4.9,aprobada,6,2025-03-01
1802,118,82,7,5.6,aprobada,6,2025-03-01
1803,118,83,7,5.5,aprobada,6,2025-03-01
1804,118,84,7,5.0,aprobada,6,2025-03-01
1805,118,85,7,6.1,aprobada,6,2025-03-01
1806,118,86,8,6.3,aprobada,6,2025-08-01
1807,118,87,8,4.0,aprobada,6,2025-08-01
1808,118,88,8,5.5,aprobada,6,2025-08-01
1809,118,89,8,4.2,aprobada,6,2025-08-01
1810,118,90,8,4.8,aprobada,6,2025-08-01
1811,119,41,3,6.1,aprobada,6,2023-03-01
1812,119,42,3,2.2,reprobada,6,2023-03-01
1813,119,43,3,4.4,aprobada,6,2023-03-01
1814,119,44,3,3.6,reprobada,6,2023-03-01
1815,119,45,3,5.1,aprobada,6,2023-03-01
1816,119,46,4,4.5,aprobada,6,2023-08-01
1817,119,47,4,6.1,aprobada,6,2023-08-01
1818,119,48,4,6.0,aprobada,6,2023-08-01
1819,119,49,4,4.4,aprobada,6,2023-08-01
1820,119,50,4,5.9,aprobada,6,2023-08-01
1821,119,51,5,5.0,aprobada,6,2024-03-01
1822,119,52,5,4.1,aprobada,6,2024-03-01
1823,119,53,5,5.1,aprobada,6,2024-03-01
1824,119,54,5,5.1,aprobada,6,2024-03-01
1825,119,55,5,4.6,aprobada,6,2024-03-01
1826,119,56,6,4.7,aprobada,6,2024-08-01
1827,119,57,6,4.2,aprobada,6,2024-08-01
1828,119,58,6,4.1,aprobada,6,2024-08-01
1829,119,59,6,4.9,aprobada,6,2024-08-01
1830,119,60,6,2.6,reprobada,6,2024-08-01
1831,119,61,7,5.3,aprobada,6,2025-03-01
1832,119,62,7,5.6,aprobada,6,2025-03-01
1833,119,63,7,3.5,reprobada,6,2025-03-01
1834,119,64,7,4.7,aprobada,6,2025-03-01
1835,119,65,7,3.7,reprobada,6,2025-03-01
1836,119,66,8,5.1,aprobada,6,2025-08-01
1837,119,67,8,5.7,aprobada,6,2025-08-01
1838,119,68,8,5.0,aprobada,6,2025-08-01
1839,119,69,8,3.4,reprobada,6,2025-08-01
1840,119,70,8,4.8,aprobada,6,2025-08-01
1841,120,1,3,5.5,aprobada,6,2023-03-01
1842,120,2,3,2.8,reprobada,6,2023-03-01
1843,120,3,3,4.5,aprobada,6,2023-03-01
1844,120,4,3,4.6,aprobada,6,2023-03-01
1845,120,5,3,3.6,reprobada,6,2023-03-01
1846,120,6,4,5.9,aprobada,6,2023-08-01
1847,120,7,4,5.7,aprobada,6,2023-08-01
1848,120,8,4,4.9,aprobada,6,2023-08-01
1849,120,9,4,4.9,aprobada,6,2023-08-01
1850,120,10,4,5.2,aprobada,6,2023-08-01
1851,120,11,5,4.8,aprobada,6,2024-03-01
1852,120,12,5,3.9,reprobada,6,2024-03-01
1853,120,13,5,5.5,aprobada,6,2024-03-01
1854,120,14,5,5.6,aprobada,6,2024-03-01
1855,120,15,5,5.3,aprobada,6,2024-03-01
1856,120,16,6,6.0,aprobada,6,2024-08-01
1857,120,17,6,3.9,reprobada,6,2024-08-01
1858,120,18,6,5.2,aprobada,6,2024-08-01
1859,120,19,6,4.1,aprobada,6,2024-08-01
1860,120,20,6,6.4,aprobada,6,2024-08-01
1861,120,21,7,5.0,aprobada,6,2025-03-01
1862,120,22,7,3.5,reprobada,6,2025-03-01
1863,120,23,7,5.0,aprobada,6,2025-03-01
1864,120,24,7,5.9,aprobada,6,2025-03-01
1865,120,25,7,3.8,reprobada,6,2025-03-01
1866,120,26,8,7.0,aprobada,6,2025-08-01
1867,120,27,8,5.7,aprobada,6,2025-08-01
1868,120,28,8,4.9,aprobada,6,2025-08-01
1869,120,29,8,3.6,reprobada,6,2025-08-01
1870,120,30,8,3.1,reprobada,6,2025-08-01
1871,121,81,7,5.1,aprobada,6,2025-03-01
1872,121,82,7,5.4,aprobada,6,2025-03-01
1873,121,83,7,5.2,aprobada,6,2025-03-01
1874,121,84,7,4.5,aprobada,6,2025-03-01
1875,121,85,7,4.7,aprobada,6,2025-03-01
1876,121,86,8,6.3,aprobada,6,2025-08-01
1877,121,87,8,5.8,aprobada,6,2025-08-01
1878,121,88,8,5.4,aprobada,6,2025-08-01
1879,121,89,8,5.2,aprobada,6,2025-08-01
1880,121,90,8,6.6,aprobada,6,2025-08-01
1881,123,41,7,4.8,aprobada,6,2025-03-01
1882,123,42,7,4.6,aprobada,6,2025-03-01
1883,123,43,7,4.7,aprobada,6,2025-03-01
1884,123,44,7,5.3,aprobada,6,2025-03-01
1885,123,45,7,5.0,aprobada,6,2025-03-01
1886,123,46,8,3.4,reprobada,6,2025-08-01
1887,123,47,8,5.6,aprobada,6,2025-08-01
1888,123,48,8,5.8,aprobada,6,2025-08-01
1889,123,49,8,3.7,reprobada,6,2025-08-01
1890,123,50,8,5.9,aprobada,6,2025-08-01
1891,125,106,5,5.9,aprobada,6,2024-03-01
1892,125,107,5,5.5,aprobada,6,2024-03-01
1893,125,108,5,3.9,reprobada,6,2024-03-01
1894,125,109,5,3.5,reprobada,6,2024-03-01
1895,125,110,5,5.1,aprobada,6,2024-03-01
1896,125,111,6,5.2,aprobada,6,2024-08-01
1897,125,112,6,6.0,aprobada,6,2024-08-01
1898,125,113,6,3.0,reprobada,6,2024-08-01
1899,125,114,6,6.5,aprobada,6,2024-08-01
1900,125,115,6,6.4,aprobada,6,2024-08-01
1901,125,116,7,5.2,aprobada,6,2025-03-01
1902,125,117,7,5.7,aprobada,6,2025-03-01
1903,125,118,7,5.3,aprobada,6,2025-03-01
1904,125,119,7,4.0,aprobada,6,2025-03-01
1905,125,120,7,4.7,aprobada,6,2025-03-01
1906,125,121,8,5.3,aprobada,6,2025-08-01
1907,125,122,8,5.1,aprobada,6,2025-08-01
1908,125,123,8,4.8,aprobada,6,2025-08-01
1909,125,124,8,5.1,aprobada,6,2025-08-01
1910,125,125,8,4.8,aprobada,6,2025-08-01
1911,126,81,5,4.9,aprobada,6,2024-03-01
1912,126,82,5,5.3,aprobada,6,2024-03-01
1913,126,83,5,5.0,aprobada,6,2024-03-01
1914,126,84,5,4.8,aprobada,6,2024-03-01
1915,126,85,5,4.2,aprobada,6,2024-03-01
1916,126,86,6,5.5,aprobada,6,2024-08-01
1917,126,87,6,6.0,aprobada,6,2024-08-01
1918,126,88,6,4.9,aprobada,6,2024-08-01
1919,126,89,6,5.8,aprobada,6,2024-08-01
1920,126,90,6,4.5,aprobada,6,2024-08-01
1921,126,91,7,4.1,aprobada,6,2025-03-01
1922,126,92,7,5.0,aprobada,6,2025-03-01
1923,126,93,7,3.8,reprobada,6,2025-03-01
1924,126,94,7,4.2,aprobada,6,2025-03-01
1925,126,95,7,5.0,aprobada,6,2025-03-01
1926,126,96,8,5.2,aprobada,6,2025-08-01
1927,126,97,8,4.7,aprobada,6,2025-08-01
1928,126,98,8,3.3,reprobada,6,2025-08-01
1929,126,99,8,4.7,aprobada,6,2025-08-01
1930,126,100,8,4.6,aprobada,6,2025-08-01
1931,127,171,2,6.0,aprobada,6,2022-08-01
1932,127,172,2,3.8,reprobada,6,2022-08-01
1933,127,173,2,5.2,aprobada,6,2022-08-01
1934,127,174,2,3.9,reprobada,6,2022-08-01
1935,127,175,2,4.3,aprobada,6,2022-08-01
1936,127,176,3,5.4,aprobada,6,2023-03-01
1937,127,177,3,3.4,reprobada,6,2023-03-01
1938,127,178,3,3.9,reprobada,6,2023-03-01
1939,127,179,3,5.1,aprobada,6,2023-03-01
1940,127,180,3,3.9,reprobada,6,2023-03-01
1941,127,181,4,5.1,aprobada,6,2023-08-01
1942,127,182,4,6.2,aprobada,6,2023-08-01
1943,127,183,4,4.3,aprobada,6,2023-08-01
1944,127,184,4,3.2,reprobada,6,2023-08-01
1945,127,185,4,4.8,aprobada,6,2023-08-01
1946,127,186,5,5.8,aprobada,6,2024-03-01
1947,127,187,5,5.1,aprobada,6,2024-03-01
1948,127,188,5,5.4,aprobada,6,2024-03-01
1949,127,189,5,5.4,aprobada,6,2024-03-01
1950,127,190,5,4.8,aprobada,6,2024-03-01
1951,129,106,5,4.1,aprobada,6,2024-03-01
1952,129,107,5,7.0,aprobada,6,2024-03-01
1953,129,108,5,4.6,aprobada,6,2024-03-01
1954,129,109,5,4.2,aprobada,6,2024-03-01
1955,129,110,5,5.5,aprobada,6,2024-03-01
1956,129,111,6,4.9,aprobada,6,2024-08-01
1957,129,112,6,3.2,reprobada,6,2024-08-01
1958,129,113,6,4.4,aprobada,6,2024-08-01
1959,129,114,6,4.7,aprobada,6,2024-08-01
1960,129,115,6,3.8,reprobada,6,2024-08-01
1961,129,116,7,5.1,aprobada,6,2025-03-01
1962,129,117,7,4.4,aprobada,6,2025-03-01
1963,129,118,7,6.5,aprobada,6,2025-03-01
1964,129,119,7,3.6,reprobada,6,2025-03-01
1965,129,120,7,6.0,aprobada,6,2025-03-01
1966,129,121,8,4.7,aprobada,6,2025-08-01
1967,129,122,8,5.4,aprobada,6,2025-08-01
1968,129,123,8,5.8,aprobada,6,2025-08-01
1969,129,124,8,4.6,aprobada,6,2025-08-01
1970,129,125,8,4.2,aprobada,6,2025-08-01
1971,130,1,5,5.7,aprobada,6,2024-03-01
1972,130,2,5,3.6,reprobada,6,2024-03-01
1973,130,3,5,5.9,aprobada,6,2024-03-01
1974,130,4,5,5.6,aprobada,6,2024-03-01
1975,130,5,5,5.0,aprobada,6,2024-03-01
1976,130,6,6,4.4,aprobada,6,2024-08-01
1977,130,7,6,5.3,aprobada,6,2024-08-01
1978,130,8,6,4.8,aprobada,6,2024-08-01
1979,130,9,6,5.1,aprobada,6,2024-08-01
1980,130,10,6,6.2,aprobada,6,2024-08-01
1981,130,11,7,5.2,aprobada,6,2025-03-01
1982,130,12,7,3.6,reprobada,6,2025-03-01
1983,130,13,7,5.7,aprobada,6,2025-03-01
1984,130,14,7,4.2,aprobada,6,2025-03-01
1985,130,15,7,4.6,aprobada,6,2025-03-01
1986,130,16,8,5.7,aprobada,6,2025-08-01
1987,130,17,8,5.6,aprobada,6,2025-08-01
1988,130,18,8,4.9,aprobada,6,2025-08-01
1989,130,19,8,4.8,aprobada,6,2025-08-01
1990,130,20,8,6.0,aprobada,6,2025-08-01
1991,131,1,8,5.5,aprobada,6,2025-08-01
1992,131,2,8,5.7,aprobada,6,2025-08-01
1993,131,3,8,4.5,aprobada,6,2025-08-01
1994,131,4,8,3.8,reprobada,6,2025-08-01
1995,131,5,8,5.8,aprobada,6,2025-08-01
1996,133,81,1,5.3,aprobada,6,2022-03-01
1997,133,82,1,3.5,reprobada,6,2022-03-01
1998,133,83,1,3.6,reprobada,6,2022-03-01
1999,133,84,1,4.6,aprobada,6,2022-03-01
2000,133,85,1,3.9,reprobada,6,2022-03-01
2001,133,86,2,4.1,aprobada,6,2022-08-01
2002,133,87,2,3.2,reprobada,6,2022-08-01
2003,133,88,2,5.9,aprobada,6,2022-08-01
2004,133,89,2,7.0,aprobada,6,2022-08-01
2005,133,90,2,3.8,reprobada,6,2022-08-01
2006,133,91,3,5.5,aprobada,6,2023-03-01
2007,133,92,3,5.4,aprobada,6,2023-03-01
2008,133,93,3,7.0,aprobada,6,2023-03-01
2009,133,94,3,5.6,aprobada,6,2023-03-01
2010,133,95,3,3.3,reprobada,6,2023-03-01
2011,133,96,4,4.9,aprobada,6,2023-08-01
2012,133,97,4,4.4,aprobada,6,2023-08-01
2013,133,98,4,4.6,aprobada,6,2023-08-01
2014,133,99,4,5.0,aprobada,6,2023-08-01
2015,133,100,4,3.9,reprobada,6,2023-08-01
2016,133,101,5,4.6,aprobada,6,2024-03-01
2017,133,102,5,6.2,aprobada,6,2024-03-01
2018,133,103,5,5.2,aprobada,6,2024-03-01
2019,133,104,5,5.4,aprobada,6,2024-03-01
2020,133,105,5,4.6,aprobada,6,2024-03-01
2021,134,171,4,5.2,aprobada,6,2023-08-01
2022,134,172,4,4.6,aprobada,6,2023-08-01
2023,134,173,4,4.6,aprobada,6,2023-08-01
2024,134,174,4,5.4,aprobada,6,2023-08-01
2025,134,175,4,4.7,aprobada,6,2023-08-01
2026,134,176,5,4.7,aprobada,6,2024-03-01
2027,134,177,5,4.3,aprobada,6,2024-03-01
2028,134,178,5,6.4,aprobada,6,2024-03-01
2029,134,179,5,3.9,reprobada,6,2024-03-01
2030,134,180,5,5.6,aprobada,6,2024-03-01
2031,134,181,6,4.2,aprobada,6,2024-08-01
2032,134,182,6,6.0,aprobada,6,2024-08-01
2033,134,183,6,3.8,reprobada,6,2024-08-01
2034,134,184,6,6.2,aprobada,6,2024-08-01
2035,134,185,6,5.5,aprobada,6,2024-08-01
2036,135,41,1,4.8,aprobada,6,2022-03-01
2037,135,42,1,5.5,aprobada,6,2022-03-01
2038,135,43,1,5.9,aprobada,6,2022-03-01
2039,135,44,1,4.9,aprobada,6,2022-03-01
2040,135,45,1,4.2,aprobada,6,2022-03-01
2041,135,46,2,3.6,reprobada,6,2022-08-01
2042,135,47,2,3.6,reprobada,6,2022-08-01
2043,135,48,2,5.3,aprobada,6,2022-08-01
2044,135,49,2,4.9,aprobada,6,2022-08-01
2045,135,50,2,3.6,reprobada,6,2022-08-01
2046,135,51,3,5.9,aprobada,6,2023-03-01
2047,135,52,3,6.0,aprobada,6,2023-03-01
2048,135,53,3,4.9,aprobada,6,2023-03-01
2049,135,54,3,6.1,aprobada,6,2023-03-01
2050,135,55,3,4.8,aprobada,6,2023-03-01
2051,135,56,4,6.1,aprobada,6,2023-08-01
2052,135,57,4,5.4,aprobada,6,2023-08-01
2053,135,58,4,5.0,aprobada,6,2023-08-01
2054,135,59,4,4.4,aprobada,6,2023-08-01
2055,135,60,4,4.4,aprobada,6,2023-08-01
2056,135,61,5,5.7,aprobada,6,2024-03-01
2057,135,62,5,4.9,aprobada,6,2024-03-01
2058,135,63,5,4.1,aprobada,6,2024-03-01
2059,135,64,5,4.9,aprobada,6,2024-03-01
2060,135,65,5,4.2,aprobada,6,2024-03-01
2061,135,66,6,4.8,aprobada,6,2024-08-01
2062,135,67,6,5.7,aprobada,6,2024-08-01
2063,135,68,6,3.8,reprobada,6,2024-08-01
2064,135,69,6,5.3,aprobada,6,2024-08-01
2065,135,70,6,4.5,aprobada,6,2024-08-01
2066,136,131,1,5.2,aprobada,6,2022-03-01
2067,136,132,1,4.7,aprobada,6,2022-03-01
2068,136,133,1,4.9,aprobada,6,2022-03-01
2069,136,134,1,5.9,aprobada,6,2022-03-01
2070,136,135,1,4.2,aprobada,6,2022-03-01
2071,136,136,2,4.2,aprobada,6,2022-08-01
2072,136,137,2,4.9,aprobada,6,2022-08-01
2073,136,138,2,6.0,aprobada,6,2022-08-01
2074,136,139,2,5.1,aprobada,6,2022-08-01
2075,136,140,2,4.8,aprobada,6,2022-08-01
2076,136,141,3,5.4,aprobada,6,2023-03-01
2077,136,142,3,5.3,aprobada,6,2023-03-01
2078,136,143,3,5.5,aprobada,6,2023-03-01
2079,136,144,3,4.7,aprobada,6,2023-03-01
2080,136,145,3,3.9,reprobada,6,2023-03-01
2081,136,146,4,4.9,aprobada,6,2023-08-01
2082,136,147,4,4.5,aprobada,6,2023-08-01
2083,136,148,4,4.9,aprobada,6,2023-08-01
2084,136,149,4,6.7,aprobada,6,2023-08-01
2085,136,150,4,4.6,aprobada,6,2023-08-01
2086,136,151,5,4.4,aprobada,6,2024-03-01
2087,136,152,5,5.7,aprobada,6,2024-03-01
2088,136,153,5,4.8,aprobada,6,2024-03-01
2089,136,154,5,3.8,reprobada,6,2024-03-01
2090,136,155,5,4.9,aprobada,6,2024-03-01
2091,136,156,6,5.9,aprobada,6,2024-08-01
2092,136,157,6,4.9,aprobada,6,2024-08-01
2093,136,158,6,5.9,aprobada,6,2024-08-01
2094,136,159,6,6.0,aprobada,6,2024-08-01
2095,136,160,6,4.2,aprobada,6,2024-08-01
2096,137,171,6,4.5,aprobada,6,2024-08-01
2097,137,172,6,4.2,aprobada,6,2024-08-01
2098,137,173,6,5.8,aprobada,6,2024-08-01
2099,137,174,6,5.2,aprobada,6,2024-08-01
2100,137,175,6,5.6,aprobada,6,2024-08-01
2101,137,176,7,3.8,reprobada,6,2025-03-01
2102,137,177,7,5.9,aprobada,6,2025-03-01
2103,137,178,7,4.5,aprobada,6,2025-03-01
2104,137,179,7,4.4,aprobada,6,2025-03-01
2105,137,180,7,6.3,aprobada,6,2025-03-01
2106,137,181,8,5.8,aprobada,6,2025-08-01
2107,137,182,8,4.2,aprobada,6,2025-08-01
2108,137,183,8,4.4,aprobada,6,2025-08-01
2109,137,184,8,6.3,aprobada,6,2025-08-01
2110,137,185,8,4.0,aprobada,6,2025-08-01
2111,139,131,8,3.7,reprobada,6,2025-08-01
2112,139,132,8,5.2,aprobada,6,2025-08-01
2113,139,133,8,3.9,reprobada,6,2025-08-01
2114,139,134,8,5.4,aprobada,6,2025-08-01
2115,139,135,8,4.1,aprobada,6,2025-08-01
2116,140,1,3,4.9,aprobada,6,2023-03-01
2117,140,2,3,4.9,aprobada,6,2023-03-01
2118,140,3,3,4.8,aprobada,6,2023-03-01
2119,140,4,3,5.6,aprobada,6,2023-03-01
2120,140,5,3,3.8,reprobada,6,2023-03-01
2121,140,6,4,4.5,aprobada,6,2023-08-01
2122,140,7,4,4.5,aprobada,6,2023-08-01
2123,140,8,4,6.7,aprobada,6,2023-08-01
2124,140,9,4,6.6,aprobada,6,2023-08-01
2125,140,10,4,4.9,aprobada,6,2023-08-01
2126,140,11,5,3.5,reprobada,6,2024-03-01
2127,140,12,5,4.1,aprobada,6,2024-03-01
2128,140,13,5,4.2,aprobada,6,2024-03-01
2129,140,14,5,5.0,aprobada,6,2024-03-01
2130,140,15,5,5.0,aprobada,6,2024-03-01
2131,140,16,6,5.6,aprobada,6,2024-08-01
2132,140,17,6,5.5,aprobada,6,2024-08-01
2133,140,18,6,4.2,aprobada,6,2024-08-01
2134,140,19,6,5.0,aprobada,6,2024-08-01
2135,140,20,6,4.7,aprobada,6,2024-08-01
2136,140,21,7,5.8,aprobada,6,2025-03-01
2137,140,22,7,3.2,reprobada,6,2025-03-01
2138,140,23,7,4.7,aprobada,6,2025-03-01
2139,140,24,7,6.7,aprobada,6,2025-03-01
2140,140,25,7,4.5,aprobada,6,2025-03-01
2141,140,26,8,4.1,aprobada,6,2025-08-01
2142,140,27,8,4.7,aprobada,6,2025-08-01
2143,140,28,8,5.4,aprobada,6,2025-08-01
2144,140,29,8,4.3,aprobada,6,2025-08-01
2145,140,30,8,3.9,reprobada,6,2025-08-01
2146,141,106,7,4.1,aprobada,6,2025-03-01
2147,141,107,7,3.5,reprobada,6,2025-03-01
2148,141,108,7,4.4,aprobada,6,2025-03-01
2149,141,109,7,4.5,aprobada,6,2025-03-01
2150,141,110,7,3.8,reprobada,6,2025-03-01
2151,141,111,8,4.9,aprobada,6,2025-08-01
2152,141,112,8,5.9,aprobada,6,2025-08-01
2153,141,113,8,5.0,aprobada,6,2025-08-01
2154,141,114,8,4.9,aprobada,6,2025-08-01
2155,141,115,8,4.6,aprobada,6,2025-08-01
2156,142,106,2,5.0,aprobada,6,2022-08-01
2157,142,107,2,5.3,aprobada,6,2022-08-01
2158,142,108,2,6.1,aprobada,6,2022-08-01
2159,142,109,2,4.3,aprobada,6,2022-08-01
2160,142,110,2,4.6,aprobada,6,2022-08-01
2161,142,111,3,5.5,aprobada,6,2023-03-01
2162,142,112,3,5.9,aprobada,6,2023-03-01
2163,142,113,3,4.2,aprobada,6,2023-03-01
2164,142,114,3,5.2,aprobada,6,2023-03-01
2165,142,115,3,3.7,reprobada,6,2023-03-01
2166,142,116,4,4.7,aprobada,6,2023-08-01
2167,142,117,4,4.5,aprobada,6,2023-08-01
2168,142,118,4,5.3,aprobada,6,2023-08-01
2169,142,119,4,4.2,aprobada,6,2023-08-01
2170,142,120,4,4.8,aprobada,6,2023-08-01
2171,142,121,5,4.0,aprobada,6,2024-03-01
2172,142,122,5,5.3,aprobada,6,2024-03-01
2173,142,123,5,4.1,aprobada,6,2024-03-01
2174,142,124,5,4.4,aprobada,6,2024-03-01
2175,142,125,5,5.6,aprobada,6,2024-03-01
2176,142,126,6,4.8,aprobada,6,2024-08-01
2177,142,127,6,6.0,aprobada,6,2024-08-01
2178,142,128,6,4.2,aprobada,6,2024-08-01
2179,142,129,6,4.6,aprobada,6,2024-08-01
2180,142,130,6,5.1,aprobada,6,2024-08-01
2181,143,131,4,4.8,aprobada,6,2023-08-01
2182,143,132,4,5.6,aprobada,6,2023-08-01
2183,143,133,4,5.0,aprobada,6,2023-08-01
2184,143,134,4,6.2,aprobada,6,2023-08-01
2185,143,135,4,4.2,aprobada,6,2023-08-01
2186,143,136,5,5.2,aprobada,6,2024-03-01
2187,143,137,5,4.7,aprobada,6,2024-03-01
2188,143,138,5,5.1,aprobada,6,2024-03-01
2189,143,139,5,5.0,aprobada,6,2024-03-01
2190,143,140,5,5.7,aprobada,6,2024-03-01
2191,143,141,6,4.4,aprobada,6,2024-08-01
2192,143,142,6,5.0,aprobada,6,2024-08-01
2193,143,143,6,4.6,aprobada,6,2024-08-01
2194,143,144,6,4.5,aprobada,6,2024-08-01
2195,143,145,6,5.8,aprobada,6,2024-08-01
2196,143,146,7,5.2,aprobada,6,2025-03-01
2197,143,147,7,5.2,aprobada,6,2025-03-01
2198,143,148,7,5.7,aprobada,6,2025-03-01
2199,143,149,7,4.7,aprobada,6,2025-03-01
2200,143,150,7,4.7,aprobada,6,2025-03-01
2201,143,151,8,5.7,aprobada,6,2025-08-01
2202,143,152,8,5.4,aprobada,6,2025-08-01
2203,143,153,8,4.8,aprobada,6,2025-08-01
2204,143,154,8,4.5,aprobada,6,2025-08-01
2205,143,155,8,4.5,aprobada,6,2025-08-01
2206,144,131,1,5.5,aprobada,6,2022-03-01
2207,144,132,1,4.2,aprobada,6,2022-03-01
2208,144,133,1,4.2,aprobada,6,2022-03-01
2209,144,134,1,3.3,reprobada,6,2022-03-01
2210,144,135,1,5.8,aprobada,6,2022-03-01
2211,144,136,2,4.0,aprobada,6,2022-08-01
2212,144,137,2,4.4,aprobada,6,2022-08-01
2213,144,138,2,5.0,aprobada,6,2022-08-01
2214,144,139,2,3.9,reprobada,6,2022-08-01
2215,144,140,2,4.9,aprobada,6,2022-08-01
2216,144,141,3,4.7,aprobada,6,2023-03-01
2217,144,142,3,4.6,aprobada,6,2023-03-01
2218,144,143,3,4.8,aprobada,6,2023-03-01
2219,144,144,3,3.7,reprobada,6,2023-03-01
2220,144,145,3,4.5,aprobada,6,2023-03-01
2221,144,146,4,3.3,reprobada,6,2023-08-01
2222,144,147,4,6.0,aprobada,6,2023-08-01
2223,144,148,4,5.1,aprobada,6,2023-08-01
2224,144,149,4,4.8,aprobada,6,2023-08-01
2225,144,150,4,5.7,aprobada,6,2023-08-01
2226,144,151,5,6.0,aprobada,6,2024-03-01
2227,144,152,5,4.6,aprobada,6,2024-03-01
2228,144,153,5,6.4,aprobada,6,2024-03-01
2229,144,154,5,5.6,aprobada,6,2024-03-01
2230,144,155,5,5.6,aprobada,6,2024-03-01
2231,144,156,6,5.6,aprobada,6,2024-08-01
2232,144,157,6,4.4,aprobada,6,2024-08-01
2233,144,158,6,6.0,aprobada,6,2024-08-01
2234,144,159,6,5.3,aprobada,6,2024-08-01
2235,144,160,6,4.6,aprobada,6,2024-08-01
2236,144,161,7,4.9,aprobada,6,2025-03-01
2237,144,162,7,6.5,aprobada,6,2025-03-01
2238,144,163,7,7.0,aprobada,6,2025-03-01
2239,144,164,7,4.8,aprobada,6,2025-03-01
2240,144,165,7,6.0,aprobada,6,2025-03-01
2241,144,166,8,5.5,aprobada,6,2025-08-01
2242,144,167,8,6.3,aprobada,6,2025-08-01
2243,144,168,8,5.4,aprobada,6,2025-08-01
2244,144,169,8,4.8,aprobada,6,2025-08-01
2245,144,170,8,5.6,aprobada,6,2025-08-01
2246,145,106,5,5.2,aprobada,6,2024-03-01
2247,145,107,5,3.9,reprobada,6,2024-03-01
2248,145,108,5,4.7,aprobada,6,2024-03-01
2249,145,109,5,4.5,aprobada,6,2024-03-01
2250,145,110,5,3.8,reprobada,6,2024-03-01
2251,145,111,6,6.1,aprobada,6,2024-08-01
2252,145,112,6,5.2,aprobada,6,2024-08-01
2253,145,113,6,5.3,aprobada,6,2024-08-01
2254,145,114,6,4.6,aprobada,6,2024-08-01
2255,145,115,6,2.8,reprobada,6,2024-08-01
2256,145,116,7,4.7,aprobada,6,2025-03-01
2257,145,117,7,6.4,aprobada,6,2025-03-01
2258,145,118,7,5.1,aprobada,6,2025-03-01
2259,145,119,7,3.6,reprobada,6,2025-03-01
2260,145,120,7,4.9,aprobada,6,2025-03-01
2261,145,121,8,5.2,aprobada,6,2025-08-01
2262,145,122,8,5.0,aprobada,6,2025-08-01
2263,145,123,8,5.4,aprobada,6,2025-08-01
2264,145,124,8,5.6,aprobada,6,2025-08-01
2265,145,125,8,4.0,aprobada,6,2025-08-01
2266,146,81,3,4.8,aprobada,6,2023-03-01
2267,146,82,3,4.1,aprobada,6,2023-03-01
2268,146,83,3,3.9,reprobada,6,2023-03-01
2269,146,84,3,4.2,aprobada,6,2023-03-01
2270,146,85,3,4.7,aprobada,6,2023-03-01
2271,146,86,4,4.6,aprobada,6,2023-08-01
2272,146,87,4,5.4,aprobada,6,2023-08-01
2273,146,88,4,7.0,aprobada,6,2023-08-01
2274,146,89,4,4.1,aprobada,6,2023-08-01
2275,146,90,4,3.1,reprobada,6,2023-08-01
2276,146,91,5,4.2,aprobada,6,2024-03-01
2277,146,92,5,6.0,aprobada,6,2024-03-01
2278,146,93,5,5.2,aprobada,6,2024-03-01
2279,146,94,5,4.9,aprobada,6,2024-03-01
2280,146,95,5,3.8,reprobada,6,2024-03-01
2281,146,96,6,4.5,aprobada,6,2024-08-01
2282,146,97,6,4.3,aprobada,6,2024-08-01
2283,146,98,6,4.6,aprobada,6,2024-08-01
2284,146,99,6,5.2,aprobada,6,2024-08-01
2285,146,100,6,6.0,aprobada,6,2024-08-01
2286,146,101,7,5.0,aprobada,6,2025-03-01
2287,146,102,7,5.5,aprobada,6,2025-03-01
2288,146,103,7,5.9,aprobada,6,2025-03-01
2289,146,104,7,5.3,aprobada,6,2025-03-01
2290,146,105,7,5.7,aprobada,6,2025-03-01
2291,147,81,4,4.5,aprobada,6,2023-08-01
2292,147,82,4,3.7,reprobada,6,2023-08-01
2293,147,83,4,5.3,aprobada,6,2023-08-01
2294,147,84,4,4.8,aprobada,6,2023-08-01
2295,147,85,4,4.4,aprobada,6,2023-08-01
2296,147,86,5,4.4,aprobada,6,2024-03-01
2297,147,87,5,5.2,aprobada,6,2024-03-01
2298,147,88,5,5.4,aprobada,6,2024-03-01
2299,147,89,5,5.1,aprobada,6,2024-03-01
2300,147,90,5,5.7,aprobada,6,2024-03-01
2301,147,91,6,5.2,aprobada,6,2024-08-01
2302,147,92,6,4.1,aprobada,6,2024-08-01
2303,147,93,6,4.6,aprobada,6,2024-08-01
2304,147,94,6,6.0,aprobada,6,2024-08-01
2305,147,95,6,4.8,aprobada,6,2024-08-01
2306,147,96,7,5.8,aprobada,6,2025-03-01
2307,147,97,7,5.6,aprobada,6,2025-03-01
2308,147,98,7,4.3,aprobada,6,2025-03-01
2309,147,99,7,5.1,aprobada,6,2025-03-01
2310,147,100,7,5.7,aprobada,6,2025-03-01
2311,147,101,8,6.1,aprobada,6,2025-08-01
2312,147,102,8,5.2,aprobada,6,2025-08-01
2313,147,103,8,4.8,aprobada,6,2025-08-01
2314,147,104,8,4.0,aprobada,6,2025-08-01
2315,147,105,8,5.1,aprobada,6,2025-08-01
2316,148,171,8,6.6,aprobada,6,2025-08-01
2317,148,172,8,3.3,reprobada,6,2025-08-01
2318,148,173,8,5.2,aprobada,6,2025-08-01
2319,148,174,8,6.5,aprobada,6,2025-08-01
2320,148,175,8,6.2,aprobada,6,2025-08-01
2321,149,131,4,5.4,aprobada,6,2023-08-01
2322,149,132,4,4.6,aprobada,6,2023-08-01
2323,149,133,4,4.9,aprobada,6,2023-08-01
2324,149,134,4,4.9,aprobada,6,2023-08-01
2325,149,135,4,4.4,aprobada,6,2023-08-01
2326,149,136,5,4.3,aprobada,6,2024-03-01
2327,149,137,5,6.4,aprobada,6,2024-03-01
2328,149,138,5,6.3,aprobada,6,2024-03-01
2329,149,139,5,5.8,aprobada,6,2024-03-01
2330,149,140,5,4.9,aprobada,6,2024-03-01
2331,149,141,6,4.4,aprobada,6,2024-08-01
2332,149,142,6,3.5,reprobada,6,2024-08-01
2333,149,143,6,5.0,aprobada,6,2024-08-01
2334,149,144,6,5.6,aprobada,6,2024-08-01
2335,149,145,6,4.7,aprobada,6,2024-08-01
2336,150,41,8,5.3,aprobada,6,2025-08-01
2337,150,42,8,6.8,aprobada,6,2025-08-01
2338,150,43,8,7.0,aprobada,6,2025-08-01
2339,150,44,8,6.3,aprobada,6,2025-08-01
2340,150,45,8,4.2,aprobada,6,2025-08-01
2341,151,41,6,4.9,aprobada,6,2024-08-01
2342,151,42,6,5.3,aprobada,6,2024-08-01
2343,151,43,6,4.9,aprobada,6,2024-08-01
2344,151,44,6,4.2,aprobada,6,2024-08-01
2345,151,45,6,5.4,aprobada,6,2024-08-01
2346,151,46,7,4.6,aprobada,6,2025-03-01
2347,151,47,7,4.1,aprobada,6,2025-03-01
2348,151,48,7,5.0,aprobada,6,2025-03-01
2349,151,49,7,5.2,aprobada,6,2025-03-01
2350,151,50,7,5.7,aprobada,6,2025-03-01
2351,151,51,8,5.0,aprobada,6,2025-08-01
2352,151,52,8,4.8,aprobada,6,2025-08-01
2353,151,53,8,4.8,aprobada,6,2025-08-01
2354,151,54,8,5.0,aprobada,6,2025-08-01
2355,151,55,8,4.2,aprobada,6,2025-08-01
2356,152,106,5,5.5,aprobada,6,2024-03-01
2357,152,107,5,4.1,aprobada,6,2024-03-01
2358,152,108,5,4.9,aprobada,6,2024-03-01
2359,152,109,5,5.2,aprobada,6,2024-03-01
2360,152,110,5,5.8,aprobada,6,2024-03-01
2361,152,111,6,3.1,reprobada,6,2024-08-01
2362,152,112,6,6.6,aprobada,6,2024-08-01
2363,152,113,6,5.2,aprobada,6,2024-08-01
2364,152,114,6,6.4,aprobada,6,2024-08-01
2365,152,115,6,4.4,aprobada,6,2024-08-01
2366,152,116,7,6.1,aprobada,6,2025-03-01
2367,152,117,7,5.1,aprobada,6,2025-03-01
2368,152,118,7,6.3,aprobada,6,2025-03-01
2369,152,119,7,4.4,aprobada,6,2025-03-01
2370,152,120,7,5.5,aprobada,6,2025-03-01
2371,152,121,8,3.8,reprobada,6,2025-08-01
2372,152,122,8,5.4,aprobada,6,2025-08-01
2373,152,123,8,5.9,aprobada,6,2025-08-01
2374,152,124,8,5.9,aprobada,6,2025-08-01
2375,152,125,8,4.4,aprobada,6,2025-08-01
2376,154,41,4,3.8,reprobada,6,2023-08-01
2377,154,42,4,4.2,aprobada,6,2023-08-01
2378,154,43,4,3.9,reprobada,6,2023-08-01
2379,154,44,4,5.2,aprobada,6,2023-08-01
2380,154,45,4,5.6,aprobada,6,2023-08-01
2381,154,46,5,4.3,aprobada,6,2024-03-01
2382,154,47,5,4.4,aprobada,6,2024-03-01
2383,154,48,5,3.5,reprobada,6,2024-03-01
2384,154,49,5,6.2,aprobada,6,2024-03-01
2385,154,50,5,4.1,aprobada,6,2024-03-01
2386,154,51,6,3.4,reprobada,6,2024-08-01
2387,154,52,6,5.3,aprobada,6,2024-08-01
2388,154,53,6,5.0,aprobada,6,2024-08-01
2389,154,54,6,5.2,aprobada,6,2024-08-01
2390,154,55,6,4.0,aprobada,6,2024-08-01
2391,154,56,7,5.7,aprobada,6,2025-03-01
2392,154,57,7,4.7,aprobada,6,2025-03-01
2393,154,58,7,4.7,aprobada,6,2025-03-01
2394,154,59,7,3.4,reprobada,6,2025-03-01
2395,154,60,7,5.4,aprobada,6,2025-03-01
2396,154,61,8,5.1,aprobada,6,2025-08-01
2397,154,62,8,4.1,aprobada,6,2025-08-01
2398,154,63,8,3.9,reprobada,6,2025-08-01
2399,154,64,8,4.2,aprobada,6,2025-08-01
2400,154,65,8,4.0,aprobada,6,2025-08-01
2401,155,41,1,5.1,aprobada,6,2022-03-01
2402,155,42,1,5.3,aprobada,6,2022-03-01
2403,155,43,1,6.0,aprobada,6,2022-03-01
2404,155,44,1,5.6,aprobada,6,2022-03-01
2405,155,45,1,3.8,reprobada,6,2022-03-01
2406,155,46,2,5.6,aprobada,6,2022-08-01
2407,155,47,2,5.1,aprobada,6,2022-08-01
2408,155,48,2,4.8,aprobada,6,2022-08-01
2409,155,49,2,3.7,reprobada,6,2022-08-01
2410,155,50,2,5.2,aprobada,6,2022-08-01
2411,155,51,3,4.0,aprobada,6,2023-03-01
2412,155,52,3,5.3,aprobada,6,2023-03-01
2413,155,53,3,7.0,aprobada,6,2023-03-01
2414,155,54,3,5.5,aprobada,6,2023-03-01
2415,155,55,3,5.4,aprobada,6,2023-03-01
2416,155,56,4,5.8,aprobada,6,2023-08-01
2417,155,57,4,4.6,aprobada,6,2023-08-01
2418,155,58,4,5.4,aprobada,6,2023-08-01
2419,155,59,4,4.4,aprobada,6,2023-08-01
2420,155,60,4,5.7,aprobada,6,2023-08-01
2421,155,61,5,6.8,aprobada,6,2024-03-01
2422,155,62,5,4.3,aprobada,6,2024-03-01
2423,155,63,5,4.6,aprobada,6,2024-03-01
2424,155,64,5,4.9,aprobada,6,2024-03-01
2425,155,65,5,5.8,aprobada,6,2024-03-01
2426,155,66,6,5.8,aprobada,6,2024-08-01
2427,155,67,6,4.4,aprobada,6,2024-08-01
2428,155,68,6,4.4,aprobada,6,2024-08-01
2429,155,69,6,4.7,aprobada,6,2024-08-01
2430,155,70,6,5.1,aprobada,6,2024-08-01
2431,155,71,7,5.7,aprobada,6,2025-03-01
2432,155,72,7,4.9,aprobada,6,2025-03-01
2433,155,73,7,3.2,reprobada,6,2025-03-01
2434,155,74,7,6.0,aprobada,6,2025-03-01
2435,155,75,7,5.9,aprobada,6,2025-03-01
2436,155,76,8,5.6,aprobada,6,2025-08-01
2437,155,77,8,4.7,aprobada,6,2025-08-01
2438,155,78,8,5.9,aprobada,6,2025-08-01
2439,155,79,8,5.8,aprobada,6,2025-08-01
2440,155,80,8,6.8,aprobada,6,2025-08-01
2441,156,171,1,3.3,reprobada,6,2022-03-01
2442,156,172,1,4.3,aprobada,6,2022-03-01
2443,156,173,1,4.8,aprobada,6,2022-03-01
2444,156,174,1,4.6,aprobada,6,2022-03-01
2445,156,175,1,3.2,reprobada,6,2022-03-01
2446,156,176,2,5.7,aprobada,6,2022-08-01
2447,156,177,2,6.4,aprobada,6,2022-08-01
2448,156,178,2,5.0,aprobada,6,2022-08-01
2449,156,179,2,5.1,aprobada,6,2022-08-01
2450,156,180,2,3.8,reprobada,6,2022-08-01
2451,158,41,4,4.5,aprobada,6,2023-08-01
2452,158,42,4,3.4,reprobada,6,2023-08-01
2453,158,43,4,5.4,aprobada,6,2023-08-01
2454,158,44,4,4.6,aprobada,6,2023-08-01
2455,158,45,4,6.1,aprobada,6,2023-08-01
2456,158,46,5,5.6,aprobada,6,2024-03-01
2457,158,47,5,5.5,aprobada,6,2024-03-01
2458,158,48,5,4.2,aprobada,6,2024-03-01
2459,158,49,5,4.8,aprobada,6,2024-03-01
2460,158,50,5,5.0,aprobada,6,2024-03-01
2461,158,51,6,4.1,aprobada,6,2024-08-01
2462,158,52,6,4.7,aprobada,6,2024-08-01
2463,158,53,6,4.3,aprobada,6,2024-08-01
2464,158,54,6,5.5,aprobada,6,2024-08-01
2465,158,55,6,4.8,aprobada,6,2024-08-01
2466,158,56,7,4.0,aprobada,6,2025-03-01
2467,158,57,7,5.9,aprobada,6,2025-03-01
2468,158,58,7,5.1,aprobada,6,2025-03-01
2469,158,59,7,6.0,aprobada,6,2025-03-01
2470,158,60,7,6.0,aprobada,6,2025-03-01
2471,158,61,8,4.4,aprobada,6,2025-08-01
2472,158,62,8,5.3,aprobada,6,2025-08-01
2473,158,63,8,6.5,aprobada,6,2025-08-01
2474,158,64,8,5.1,aprobada,6,2025-08-01
2475,158,65,8,5.7,aprobada,6,2025-08-01
2476,159,106,5,4.8,aprobada,6,2024-03-01
2477,159,107,5,4.2,aprobada,6,2024-03-01
2478,159,108,5,4.1,aprobada,6,2024-03-01
2479,159,109,5,6.0,aprobada,6,2024-03-01
2480,159,110,5,4.6,aprobada,6,2024-03-01
2481,159,111,6,7.0,aprobada,6,2024-08-01
2482,159,112,6,5.0,aprobada,6,2024-08-01
2483,159,113,6,3.7,reprobada,6,2024-08-01
2484,159,114,6,5.5,aprobada,6,2024-08-01
2485,159,115,6,4.7,aprobada,6,2024-08-01
2486,159,116,7,5.7,aprobada,6,2025-03-01
2487,159,117,7,4.1,aprobada,6,2025-03-01
2488,159,118,7,4.6,aprobada,6,2025-03-01
2489,159,119,7,4.4,aprobada,6,2025-03-01
2490,159,120,7,4.1,aprobada,6,2025-03-01
2491,159,121,8,5.4,aprobada,6,2025-08-01
2492,159,122,8,4.0,aprobada,6,2025-08-01
2493,159,123,8,4.4,aprobada,6,2025-08-01
2494,159,124,8,5.1,aprobada,6,2025-08-01
2495,159,125,8,5.9,aprobada,6,2025-08-01
2496,160,131,8,5.7,aprobada,6,2025-08-01
2497,160,132,8,5.9,aprobada,6,2025-08-01
2498,160,133,8,3.2,reprobada,6,2025-08-01
2499,160,134,8,3.9,reprobada,6,2025-08-01
2500,160,135,8,4.5,aprobada,6,2025-08-01
2501,161,81,5,4.3,aprobada,6,2024-03-01
2502,161,82,5,4.1,aprobada,6,2024-03-01
2503,161,83,5,5.6,aprobada,6,2024-03-01
2504,161,84,5,4.5,aprobada,6,2024-03-01
2505,161,85,5,3.8,reprobada,6,2024-03-01
2506,161,86,6,5.5,aprobada,6,2024-08-01
2507,161,87,6,5.4,aprobada,6,2024-08-01
2508,161,88,6,5.3,aprobada,6,2024-08-01
2509,161,89,6,4.8,aprobada,6,2024-08-01
2510,161,90,6,4.9,aprobada,6,2024-08-01
2511,161,91,7,4.3,aprobada,6,2025-03-01
2512,161,92,7,3.6,reprobada,6,2025-03-01
2513,161,93,7,6.4,aprobada,6,2025-03-01
2514,161,94,7,5.4,aprobada,6,2025-03-01
2515,161,95,7,3.8,reprobada,6,2025-03-01
2516,161,96,8,4.5,aprobada,6,2025-08-01
2517,161,97,8,3.2,reprobada,6,2025-08-01
2518,161,98,8,5.1,aprobada,6,2025-08-01
2519,161,99,8,6.8,aprobada,6,2025-08-01
2520,161,100,8,4.0,aprobada,6,2025-08-01
2521,162,171,5,5.0,aprobada,6,2024-03-01
2522,162,172,5,3.5,reprobada,6,2024-03-01
2523,162,173,5,5.7,aprobada,6,2024-03-01
2524,162,174,5,5.5,aprobada,6,2024-03-01
2525,162,175,5,5.2,aprobada,6,2024-03-01
2526,162,176,6,5.5,aprobada,6,2024-08-01
2527,162,177,6,3.8,reprobada,6,2024-08-01
2528,162,178,6,4.4,aprobada,6,2024-08-01
2529,162,179,6,4.4,aprobada,6,2024-08-01
2530,162,180,6,6.7,aprobada,6,2024-08-01
2531,162,181,7,3.5,reprobada,6,2025-03-01
2532,162,182,7,6.4,aprobada,6,2025-03-01
2533,162,183,7,5.8,aprobada,6,2025-03-01
2534,162,184,7,3.3,reprobada,6,2025-03-01
2535,162,185,7,5.3,aprobada,6,2025-03-01
2536,162,186,8,5.1,aprobada,6,2025-08-01
2537,162,187,8,5.7,aprobada,6,2025-08-01
2538,162,188,8,4.2,aprobada,6,2025-08-01
2539,162,189,8,4.7,aprobada,6,2025-08-01
2540,162,190,8,5.7,aprobada,6,2025-08-01
2541,163,131,3,3.3,reprobada,6,2023-03-01
2542,163,132,3,5.6,aprobada,6,2023-03-01
2543,163,133,3,4.6,aprobada,6,2023-03-01
2544,163,134,3,6.1,aprobada,6,2023-03-01
2545,163,135,3,4.3,aprobada,6,2023-03-01
2546,163,136,4,4.5,aprobada,6,2023-08-01
2547,163,137,4,5.3,aprobada,6,2023-08-01
2548,163,138,4,5.2,aprobada,6,2023-08-01
2549,163,139,4,4.7,aprobada,6,2023-08-01
2550,163,140,4,4.0,aprobada,6,2023-08-01
2551,163,141,5,5.3,aprobada,6,2024-03-01
2552,163,142,5,6.3,aprobada,6,2024-03-01
2553,163,143,5,3.8,reprobada,6,2024-03-01
2554,163,144,5,4.6,aprobada,6,2024-03-01
2555,163,145,5,3.8,reprobada,6,2024-03-01
2556,163,146,6,5.6,aprobada,6,2024-08-01
2557,163,147,6,3.9,reprobada,6,2024-08-01
2558,163,148,6,5.0,aprobada,6,2024-08-01
2559,163,149,6,5.4,aprobada,6,2024-08-01
2560,163,150,6,5.4,aprobada,6,2024-08-01
2561,163,151,7,6.7,aprobada,6,2025-03-01
2562,163,152,7,3.5,reprobada,6,2025-03-01
2563,163,153,7,4.5,aprobada,6,2025-03-01
2564,163,154,7,6.6,aprobada,6,2025-03-01
2565,163,155,7,6.0,aprobada,6,2025-03-01
2566,163,156,8,5.1,aprobada,6,2025-08-01
2567,163,157,8,4.9,aprobada,6,2025-08-01
2568,163,158,8,4.2,aprobada,6,2025-08-01
2569,163,159,8,5.3,aprobada,6,2025-08-01
2570,163,160,8,4.4,aprobada,6,2025-08-01
2571,164,171,5,5.3,aprobada,6,2024-03-01
2572,164,172,5,5.1,aprobada,6,2024-03-01
2573,164,173,5,4.0,aprobada,6,2024-03-01
2574,164,174,5,5.0,aprobada,6,2024-03-01
2575,164,175,5,4.0,aprobada,6,2024-03-01
2576,165,81,5,5.0,aprobada,6,2024-03-01
2577,165,82,5,3.9,reprobada,6,2024-03-01
2578,165,83,5,4.5,aprobada,6,2024-03-01
2579,165,84,5,4.3,aprobada,6,2024-03-01
2580,165,85,5,4.5,aprobada,6,2024-03-01
2581,165,86,6,4.9,aprobada,6,2024-08-01
2582,165,87,6,4.8,aprobada,6,2024-08-01
2583,165,88,6,5.2,aprobada,6,2024-08-01
2584,165,89,6,5.4,aprobada,6,2024-08-01
2585,165,90,6,5.9,aprobada,6,2024-08-01
2586,165,91,7,5.0,aprobada,6,2025-03-01
2587,165,92,7,5.1,aprobada,6,2025-03-01
2588,165,93,7,5.1,aprobada,6,2025-03-01
2589,165,94,7,5.2,aprobada,6,2025-03-01
2590,165,95,7,4.5,aprobada,6,2025-03-01
2591,165,96,8,4.9,aprobada,6,2025-08-01
2592,165,97,8,5.7,aprobada,6,2025-08-01
2593,165,98,8,5.1,aprobada,6,2025-08-01
2594,165,99,8,5.7,aprobada,6,2025-08-01
2595,165,100,8,6.5,aprobada,6,2025-08-01
2596,166,41,7,4.2,aprobada,6,2025-03-01
2597,166,42,7,5.3,aprobada,6,2025-03-01
2598,166,43,7,4.8,aprobada,6,2025-03-01
2599,166,44,7,5.7,aprobada,6,2025-03-01
2600,166,45,7,3.5,reprobada,6,2025-03-01
2601,166,46,8,3.5,reprobada,6,2025-08-01
2602,166,47,8,4.7,aprobada,6,2025-08-01
2603,166,48,8,5.6,aprobada,6,2025-08-01
2604,166,49,8,4.7,aprobada,6,2025-08-01
2605,166,50,8,3.4,reprobada,6,2025-08-01
2606,167,1,7,6.0,aprobada,6,2025-03-01
2607,167,2,7,3.3,reprobada,6,2025-03-01
2608,167,3,7,3.8,reprobada,6,2025-03-01
2609,167,4,7,5.0,aprobada,6,2025-03-01
2610,167,5,7,3.8,reprobada,6,2025-03-01
2611,167,6,8,5.6,aprobada,6,2025-08-01
2612,167,7,8,4.7,aprobada,6,2025-08-01
2613,167,8,8,4.9,aprobada,6,2025-08-01
2614,167,9,8,6.1,aprobada,6,2025-08-01
2615,167,10,8,3.9,reprobada,6,2025-08-01
2616,168,106,5,5.3,aprobada,6,2024-03-01
2617,168,107,5,6.2,aprobada,6,2024-03-01
2618,168,108,5,5.0,aprobada,6,2024-03-01
2619,168,109,5,4.6,aprobada,6,2024-03-01
2620,168,110,5,4.9,aprobada,6,2024-03-01
2621,168,111,6,4.9,aprobada,6,2024-08-01
2622,168,112,6,4.6,aprobada,6,2024-08-01
2623,168,113,6,4.2,aprobada,6,2024-08-01
2624,168,114,6,5.4,aprobada,6,2024-08-01
2625,168,115,6,4.1,aprobada,6,2024-08-01
2626,168,116,7,4.8,aprobada,6,2025-03-01
2627,168,117,7,6.0,aprobada,6,2025-03-01
2628,168,118,7,3.1,reprobada,6,2025-03-01
2629,168,119,7,4.9,aprobada,6,2025-03-01
2630,168,120,7,4.7,aprobada,6,2025-03-01
2631,168,121,8,5.8,aprobada,6,2025-08-01
2632,168,122,8,4.4,aprobada,6,2025-08-01
2633,168,123,8,5.9,aprobada,6,2025-08-01
2634,168,124,8,4.6,aprobada,6,2025-08-01
2635,168,125,8,4.4,aprobada,6,2025-08-01
2636,169,171,8,4.6,aprobada,6,2025-08-01
2637,169,172,8,4.7,aprobada,6,2025-08-01
2638,169,173,8,5.2,aprobada,6,2025-08-01
2639,169,174,8,4.0,aprobada,6,2025-08-01
2640,169,175,8,5.3,aprobada,6,2025-08-01
2641,170,1,5,5.5,aprobada,6,2024-03-01
2642,170,2,5,4.8,aprobada,6,2024-03-01
2643,170,3,5,5.5,aprobada,6,2024-03-01
2644,170,4,5,4.0,aprobada,6,2024-03-01
2645,170,5,5,5.7,aprobada,6,2024-03-01
2646,170,6,6,4.6,aprobada,6,2024-08-01
2647,170,7,6,4.1,aprobada,6,2024-08-01
2648,170,8,6,4.9,aprobada,6,2024-08-01
2649,170,9,6,5.5,aprobada,6,2024-08-01
2650,170,10,6,4.6,aprobada,6,2024-08-01
2651,171,131,8,4.9,aprobada,6,2025-08-01
2652,171,132,8,4.6,aprobada,6,2025-08-01
2653,171,133,8,4.6,aprobada,6,2025-08-01
2654,171,134,8,3.6,reprobada,6,2025-08-01
2655,171,135,8,6.5,aprobada,6,2025-08-01
2656,172,41,3,4.9,aprobada,6,2023-03-01
2657,172,42,3,5.8,aprobada,6,2023-03-01
2658,172,43,3,5.1,aprobada,6,2023-03-01
2659,172,44,3,3.6,reprobada,6,2023-03-01
2660,172,45,3,5.4,aprobada,6,2023-03-01
2661,172,46,4,6.0,aprobada,6,2023-08-01
2662,172,47,4,5.1,aprobada,6,2023-08-01
2663,172,48,4,5.5,aprobada,6,2023-08-01
2664,172,49,4,4.5,aprobada,6,2023-08-01
2665,172,50,4,4.3,aprobada,6,2023-08-01
2666,172,51,5,6.0,aprobada,6,2024-03-01
2667,172,52,5,4.1,aprobada,6,2024-03-01
2668,172,53,5,5.3,aprobada,6,2024-03-01
2669,172,54,5,4.6,aprobada,6,2024-03-01
2670,172,55,5,4.4,aprobada,6,2024-03-01
2671,172,56,6,4.4,aprobada,6,2024-08-01
2672,172,57,6,4.7,aprobada,6,2024-08-01
2673,172,58,6,5.2,aprobada,6,2024-08-01
2674,172,59,6,6.2,aprobada,6,2024-08-01
2675,172,60,6,5.2,aprobada,6,2024-08-01
2676,172,61,7,6.0,aprobada,6,2025-03-01
2677,172,62,7,6.9,aprobada,6,2025-03-01
2678,172,63,7,4.8,aprobada,6,2025-03-01
2679,172,64,7,5.0,aprobada,6,2025-03-01
2680,172,65,7,6.7,aprobada,6,2025-03-01
2681,172,66,8,4.9,aprobada,6,2025-08-01
2682,172,67,8,4.0,aprobada,6,2025-08-01
2683,172,68,8,5.2,aprobada,6,2025-08-01
2684,172,69,8,3.9,reprobada,6,2025-08-01
2685,172,70,8,4.1,aprobada,6,2025-08-01
2686,174,1,2,5.5,aprobada,6,2022-08-01
2687,174,2,2,4.1,aprobada,6,2022-08-01
2688,174,3,2,3.0,reprobada,6,2022-08-01
2689,174,4,2,4.4,aprobada,6,2022-08-01
2690,174,5,2,5.9,aprobada,6,2022-08-01
2691,174,6,3,4.0,aprobada,6,2023-03-01
2692,174,7,3,6.1,aprobada,6,2023-03-01
2693,174,8,3,5.5,aprobada,6,2023-03-01
2694,174,9,3,5.8,aprobada,6,2023-03-01
2695,174,10,3,4.9,aprobada,6,2023-03-01
2696,174,11,4,4.7,aprobada,6,2023-08-01
2697,174,12,4,5.0,aprobada,6,2023-08-01
2698,174,13,4,5.7,aprobada,6,2023-08-01
2699,174,14,4,4.7,aprobada,6,2023-08-01
2700,174,15,4,7.0,aprobada,6,2023-08-01
2701,174,16,5,4.1,aprobada,6,2024-03-01
2702,174,17,5,3.2,reprobada,6,2024-03-01
2703,174,18,5,4.9,aprobada,6,2024-03-01
2704,174,19,5,4.9,aprobada,6,2024-03-01
2705,174,20,5,4.9,aprobada,6,2024-03-01
2706,174,21,6,6.8,aprobada,6,2024-08-01
2707,174,22,6,5.9,aprobada,6,2024-08-01
2708,174,23,6,5.2,aprobada,6,2024-08-01
2709,174,24,6,2.5,reprobada,6,2024-08-01
2710,174,25,6,5.2,aprobada,6,2024-08-01
2711,174,26,7,5.5,aprobada,6,2025-03-01
2712,174,27,7,5.3,aprobada,6,2025-03-01
2713,174,28,7,5.3,aprobada,6,2025-03-01
2714,174,29,7,5.2,aprobada,6,2025-03-01
2715,174,30,7,5.9,aprobada,6,2025-03-01
2716,174,31,8,4.1,aprobada,6,2025-08-01
2717,174,32,8,4.7,aprobada,6,2025-08-01
2718,174,33,8,4.4,aprobada,6,2025-08-01
2719,174,34,8,5.9,aprobada,6,2025-08-01
2720,174,35,8,4.6,aprobada,6,2025-08-01
2721,175,131,7,6.5,aprobada,6,2025-03-01
2722,175,132,7,5.9,aprobada,6,2025-03-01
2723,175,133,7,5.7,aprobada,6,2025-03-01
2724,175,134,7,4.2,aprobada,6,2025-03-01
2725,175,135,7,3.6,reprobada,6,2025-03-01
2726,175,136,8,4.9,aprobada,6,2025-08-01
2727,175,137,8,4.1,aprobada,6,2025-08-01
2728,175,138,8,5.6,aprobada,6,2025-08-01
2729,175,139,8,4.7,aprobada,6,2025-08-01
2730,175,140,8,5.1,aprobada,6,2025-08-01
2731,176,171,6,4.0,aprobada,6,2024-08-01
2732,176,172,6,4.2,aprobada,6,2024-08-01
2733,176,173,6,5.4,aprobada,6,2024-08-01
2734,176,174,6,4.4,aprobada,6,2024-08-01
2735,176,175,6,5.6,aprobada,6,2024-08-01
2736,177,1,4,3.5,reprobada,6,2023-08-01
2737,177,2,4,4.9,aprobada,6,2023-08-01
2738,177,3,4,2.1,reprobada,6,2023-08-01
2739,177,4,4,3.8,reprobada,6,2023-08-01
2740,177,5,4,3.9,reprobada,6,2023-08-01
2741,177,6,5,5.8,aprobada,6,2024-03-01
2742,177,7,5,3.2,reprobada,6,2024-03-01
2743,177,8,5,4.6,aprobada,6,2024-03-01
2744,177,9,5,4.8,aprobada,6,2024-03-01
2745,177,10,5,4.4,aprobada,6,2024-03-01
2746,177,11,6,4.1,aprobada,6,2024-08-01
2747,177,12,6,6.2,aprobada,6,2024-08-01
2748,177,13,6,5.4,aprobada,6,2024-08-01
2749,177,14,6,5.5,aprobada,6,2024-08-01
2750,177,15,6,5.0,aprobada,6,2024-08-01
2751,177,16,7,4.8,aprobada,6,2025-03-01
2752,177,17,7,5.1,aprobada,6,2025-03-01
2753,177,18,7,4.6,aprobada,6,2025-03-01
2754,177,19,7,5.8,aprobada,6,2025-03-01
2755,177,20,7,5.3,aprobada,6,2025-03-01
2756,177,21,8,5.9,aprobada,6,2025-08-01
2757,177,22,8,5.9,aprobada,6,2025-08-01
2758,177,23,8,4.4,aprobada,6,2025-08-01
2759,177,24,8,5.0,aprobada,6,2025-08-01
2760,177,25,8,5.1,aprobada,6,2025-08-01
2761,178,81,3,3.5,reprobada,6,2023-03-01
2762,178,82,3,3.7,reprobada,6,2023-03-01
2763,178,83,3,2.8,reprobada,6,2023-03-01
2764,178,84,3,5.5,aprobada,6,2023-03-01
2765,178,85,3,5.6,aprobada,6,2023-03-01
2766,178,86,4,7.0,aprobada,6,2023-08-01
2767,178,87,4,4.5,aprobada,6,2023-08-01
2768,178,88,4,3.7,reprobada,6,2023-08-01
2769,178,89,4,5.7,aprobada,6,2023-08-01
2770,178,90,4,5.5,aprobada,6,2023-08-01
2771,178,91,5,4.7,aprobada,6,2024-03-01
2772,178,92,5,4.6,aprobada,6,2024-03-01
2773,178,93,5,6.0,aprobada,6,2024-03-01
2774,178,94,5,5.8,aprobada,6,2024-03-01
2775,178,95,5,5.4,aprobada,6,2024-03-01
2776,178,96,6,3.7,reprobada,6,2024-08-01
2777,178,97,6,6.4,aprobada,6,2024-08-01
2778,178,98,6,3.9,reprobada,6,2024-08-01
2779,178,99,6,6.2,aprobada,6,2024-08-01
2780,178,100,6,5.0,aprobada,6,2024-08-01
2781,178,101,7,5.6,aprobada,6,2025-03-01
2782,178,102,7,4.7,aprobada,6,2025-03-01
2783,178,103,7,4.0,aprobada,6,2025-03-01
2784,178,104,7,5.6,aprobada,6,2025-03-01
2785,178,105,7,5.0,aprobada,6,2025-03-01
2786,179,131,5,6.0,aprobada,6,2024-03-01
2787,179,132,5,4.9,aprobada,6,2024-03-01
2788,179,133,5,4.4,aprobada,6,2024-03-01
2789,179,134,5,5.3,aprobada,6,2024-03-01
2790,179,135,5,5.7,aprobada,6,2024-03-01
2791,179,136,6,5.5,aprobada,6,2024-08-01
2792,179,137,6,4.2,aprobada,6,2024-08-01
2793,179,138,6,4.5,aprobada,6,2024-08-01
2794,179,139,6,4.4,aprobada,6,2024-08-01
2795,179,140,6,5.3,aprobada,6,2024-08-01
2796,179,141,7,5.8,aprobada,6,2025-03-01
2797,179,142,7,4.5,aprobada,6,2025-03-01
2798,179,143,7,5.2,aprobada,6,2025-03-01
2799,179,144,7,5.0,aprobada,6,2025-03-01
2800,179,145,7,5.1,aprobada,6,2025-03-01
2801,179,146,8,5.9,aprobada,6,2025-08-01
2802,179,147,8,5.4,aprobada,6,2025-08-01
2803,179,148,8,5.2,aprobada,6,2025-08-01
2804,179,149,8,4.8,aprobada,6,2025-08-01
2805,179,150,8,4.1,aprobada,6,2025-08-01
2806,180,131,3,4.2,aprobada,6,2023-03-01
2807,180,132,3,6.1,aprobada,6,2023-03-01
2808,180,133,3,4.2,aprobada,6,2023-03-01
2809,180,134,3,5.1,aprobada,6,2023-03-01
2810,180,135,3,4.3,aprobada,6,2023-03-01
2811,180,136,4,4.4,aprobada,6,2023-08-01
2812,180,137,4,6.0,aprobada,6,2023-08-01
2813,180,138,4,4.6,aprobada,6,2023-08-01
2814,180,139,4,5.1,aprobada,6,2023-08-01
2815,180,140,4,3.3,reprobada,6,2023-08-01
2816,180,141,5,3.9,reprobada,6,2024-03-01
2817,180,142,5,4.7,aprobada,6,2024-03-01
2818,180,143,5,6.2,aprobada,6,2024-03-01
2819,180,144,5,4.8,aprobada,6,2024-03-01
2820,180,145,5,5.1,aprobada,6,2024-03-01
2821,180,146,6,5.1,aprobada,6,2024-08-01
2822,180,147,6,4.9,aprobada,6,2024-08-01
2823,180,148,6,5.7,aprobada,6,2024-08-01
2824,180,149,6,3.8,reprobada,6,2024-08-01
2825,180,150,6,4.8,aprobada,6,2024-08-01
2826,180,151,7,5.7,aprobada,6,2025-03-01
2827,180,152,7,6.3,aprobada,6,2025-03-01
2828,180,153,7,4.5,aprobada,6,2025-03-01
2829,180,154,7,5.7,aprobada,6,2025-03-01
2830,180,155,7,7.0,aprobada,6,2025-03-01
2831,180,156,8,5.3,aprobada,6,2025-08-01
2832,180,157,8,3.7,reprobada,6,2025-08-01
2833,180,158,8,4.6,aprobada,6,2025-08-01
2834,180,159,8,5.9,aprobada,6,2025-08-01
2835,180,160,8,5.6,aprobada,6,2025-08-01
2836,181,1,5,5.1,aprobada,6,2024-03-01
2837,181,2,5,4.9,aprobada,6,2024-03-01
2838,181,3,5,5.4,aprobada,6,2024-03-01
2839,181,4,5,3.9,reprobada,6,2024-03-01
2840,181,5,5,4.5,aprobada,6,2024-03-01
2841,181,6,6,4.0,aprobada,6,2024-08-01
2842,181,7,6,4.1,aprobada,6,2024-08-01
2843,181,8,6,6.6,aprobada,6,2024-08-01
2844,181,9,6,4.5,aprobada,6,2024-08-01
2845,181,10,6,6.6,aprobada,6,2024-08-01
2846,181,11,7,4.5,aprobada,6,2025-03-01
2847,181,12,7,4.2,aprobada,6,2025-03-01
2848,181,13,7,5.0,aprobada,6,2025-03-01
2849,181,14,7,4.6,aprobada,6,2025-03-01
2850,181,15,7,4.8,aprobada,6,2025-03-01
2851,181,16,8,6.0,aprobada,6,2025-08-01
2852,181,17,8,4.7,aprobada,6,2025-08-01
2853,181,18,8,6.2,aprobada,6,2025-08-01
2854,181,19,8,5.7,aprobada,6,2025-08-01
2855,181,20,8,4.9,aprobada,6,2025-08-01
2856,182,1,6,5.8,aprobada,6,2024-08-01
2857,182,2,6,5.5,aprobada,6,2024-08-01
2858,182,3,6,3.2,reprobada,6,2024-08-01
2859,182,4,6,4.2,aprobada,6,2024-08-01
2860,182,5,6,5.5,aprobada,6,2024-08-01
2861,182,6,7,5.0,aprobada,6,2025-03-01
2862,182,7,7,4.6,aprobada,6,2025-03-01
2863,182,8,7,4.3,aprobada,6,2025-03-01
2864,182,9,7,6.0,aprobada,6,2025-03-01
2865,182,10,7,5.1,aprobada,6,2025-03-01
2866,182,11,8,4.1,aprobada,6,2025-08-01
2867,182,12,8,5.0,aprobada,6,2025-08-01
2868,182,13,8,4.1,aprobada,6,2025-08-01
2869,182,14,8,4.3,aprobada,6,2025-08-01
2870,182,15,8,3.7,reprobada,6,2025-08-01
2871,183,106,5,5.5,aprobada,6,2024-03-01
2872,183,107,5,5.3,aprobada,6,2024-03-01
2873,183,108,5,4.3,aprobada,6,2024-03-01
2874,183,109,5,3.7,reprobada,6,2024-03-01
2875,183,110,5,4.5,aprobada,6,2024-03-01
2876,183,111,6,4.9,aprobada,6,2024-08-01
2877,183,112,6,5.0,aprobada,6,2024-08-01
2878,183,113,6,4.5,aprobada,6,2024-08-01
2879,183,114,6,3.5,reprobada,6,2024-08-01
2880,183,115,6,6.1,aprobada,6,2024-08-01
2881,184,1,5,6.1,aprobada,6,2024-03-01
2882,184,2,5,4.2,aprobada,6,2024-03-01
2883,184,3,5,5.5,aprobada,6,2024-03-01
2884,184,4,5,3.8,reprobada,6,2024-03-01
2885,184,5,5,5.1,aprobada,6,2024-03-01
2886,184,6,6,3.5,reprobada,6,2024-08-01
2887,184,7,6,5.0,aprobada,6,2024-08-01
2888,184,8,6,4.8,aprobada,6,2024-08-01
2889,184,9,6,5.1,aprobada,6,2024-08-01
2890,184,10,6,4.5,aprobada,6,2024-08-01
2891,184,11,7,5.7,aprobada,6,2025-03-01
2892,184,12,7,3.7,reprobada,6,2025-03-01
2893,184,13,7,4.3,aprobada,6,2025-03-01
2894,184,14,7,4.5,aprobada,6,2025-03-01
2895,184,15,7,5.9,aprobada,6,2025-03-01
2896,184,16,8,6.8,aprobada,6,2025-08-01
2897,184,17,8,6.8,aprobada,6,2025-08-01
2898,184,18,8,4.3,aprobada,6,2025-08-01
2899,184,19,8,6.5,aprobada,6,2025-08-01
2900,184,20,8,4.7,aprobada,6,2025-08-01
2901,185,131,2,4.7,aprobada,6,2022-08-01
2902,185,132,2,4.0,aprobada,6,2022-08-01
2903,185,133,2,6.0,aprobada,6,2022-08-01
2904,185,134,2,5.2,aprobada,6,2022-08-01
2905,185,135,2,5.2,aprobada,6,2022-08-01
2906,185,136,3,7.0,aprobada,6,2023-03-01
2907,185,137,3,5.6,aprobada,6,2023-03-01
2908,185,138,3,4.6,aprobada,6,2023-03-01
2909,185,139,3,5.2,aprobada,6,2023-03-01
2910,185,140,3,3.5,reprobada,6,2023-03-01
2911,185,141,4,6.5,aprobada,6,2023-08-01
2912,185,142,4,5.4,aprobada,6,2023-08-01
2913,185,143,4,4.4,aprobada,6,2023-08-01
2914,185,144,4,5.6,aprobada,6,2023-08-01
2915,185,145,4,5.3,aprobada,6,2023-08-01
2916,185,146,5,5.5,aprobada,6,2024-03-01
2917,185,147,5,4.9,aprobada,6,2024-03-01
2918,185,148,5,4.5,aprobada,6,2024-03-01
2919,185,149,5,5.7,aprobada,6,2024-03-01
2920,185,150,5,6.6,aprobada,6,2024-03-01
2921,185,151,6,5.1,aprobada,6,2024-08-01
2922,185,152,6,6.6,aprobada,6,2024-08-01
2923,185,153,6,5.7,aprobada,6,2024-08-01
2924,185,154,6,3.2,reprobada,6,2024-08-01
2925,185,155,6,4.8,aprobada,6,2024-08-01
2926,185,156,7,4.0,aprobada,6,2025-03-01
2927,185,157,7,4.6,aprobada,6,2025-03-01
2928,185,158,7,6.1,aprobada,6,2025-03-01
2929,185,159,7,3.9,reprobada,6,2025-03-01
2930,185,160,7,5.7,aprobada,6,2025-03-01
2931,185,161,8,5.6,aprobada,6,2025-08-01
2932,185,162,8,3.5,reprobada,6,2025-08-01
2933,185,163,8,5.4,aprobada,6,2025-08-01
2934,185,164,8,4.8,aprobada,6,2025-08-01
2935,185,165,8,4.7,aprobada,6,2025-08-01
2936,187,81,7,5.0,aprobada,6,2025-03-01
2937,187,82,7,4.4,aprobada,6,2025-03-01
2938,187,83,7,3.9,reprobada,6,2025-03-01
2939,187,84,7,4.4,aprobada,6,2025-03-01
2940,187,85,7,4.2,aprobada,6,2025-03-01
2941,187,86,8,3.7,reprobada,6,2025-08-01
2942,187,87,8,5.2,aprobada,6,2025-08-01
2943,187,88,8,4.7,aprobada,6,2025-08-01
2944,187,89,8,5.6,aprobada,6,2025-08-01
2945,187,90,8,6.2,aprobada,6,2025-08-01
2946,188,106,1,4.9,aprobada,6,2022-03-01
2947,188,107,1,4.8,aprobada,6,2022-03-01
2948,188,108,1,5.9,aprobada,6,2022-03-01
2949,188,109,1,3.6,reprobada,6,2022-03-01
2950,188,110,1,5.5,aprobada,6,2022-03-01
2951,188,111,2,6.3,aprobada,6,2022-08-01
2952,188,112,2,4.3,aprobada,6,2022-08-01
2953,188,113,2,4.9,aprobada,6,2022-08-01
2954,188,114,2,4.0,aprobada,6,2022-08-01
2955,188,115,2,5.1,aprobada,6,2022-08-01
2956,188,116,3,4.3,aprobada,6,2023-03-01
2957,188,117,3,4.8,aprobada,6,2023-03-01
2958,188,118,3,5.3,aprobada,6,2023-03-01
2959,188,119,3,5.4,aprobada,6,2023-03-01
2960,188,120,3,4.4,aprobada,6,2023-03-01
2961,188,121,4,4.4,aprobada,6,2023-08-01
2962,188,122,4,5.4,aprobada,6,2023-08-01
2963,188,123,4,4.8,aprobada,6,2023-08-01
2964,188,124,4,3.8,reprobada,6,2023-08-01
2965,188,125,4,4.5,aprobada,6,2023-08-01
2966,188,126,5,5.0,aprobada,6,2024-03-01
2967,188,127,5,5.9,aprobada,6,2024-03-01
2968,188,128,5,5.9,aprobada,6,2024-03-01
2969,188,129,5,3.7,reprobada,6,2024-03-01
2970,188,130,5,4.5,aprobada,6,2024-03-01
2971,189,1,6,4.5,aprobada,6,2024-08-01
2972,189,2,6,5.7,aprobada,6,2024-08-01
2973,189,3,6,5.0,aprobada,6,2024-08-01
2974,189,4,6,5.0,aprobada,6,2024-08-01
2975,189,5,6,3.6,reprobada,6,2024-08-01
2976,189,6,7,4.9,aprobada,6,2025-03-01
2977,189,7,7,5.9,aprobada,6,2025-03-01
2978,189,8,7,4.3,aprobada,6,2025-03-01
2979,189,9,7,4.8,aprobada,6,2025-03-01
2980,189,10,7,2.7,reprobada,6,2025-03-01
2981,189,11,8,5.6,aprobada,6,2025-08-01
2982,189,12,8,5.7,aprobada,6,2025-08-01
2983,189,13,8,5.0,aprobada,6,2025-08-01
2984,189,14,8,5.9,aprobada,6,2025-08-01
2985,189,15,8,3.8,reprobada,6,2025-08-01
2986,190,81,8,4.5,aprobada,6,2025-08-01
2987,190,82,8,4.4,aprobada,6,2025-08-01
2988,190,83,8,5.7,aprobada,6,2025-08-01
2989,190,84,8,5.4,aprobada,6,2025-08-01
2990,190,85,8,5.0,aprobada,6,2025-08-01
2991,191,1,4,4.3,aprobada,6,2023-08-01
2992,191,2,4,4.8,aprobada,6,2023-08-01
2993,191,3,4,5.6,aprobada,6,2023-08-01
2994,191,4,4,4.2,aprobada,6,2023-08-01
2995,191,5,4,4.5,aprobada,6,2023-08-01
2996,191,6,5,4.0,aprobada,6,2024-03-01
2997,191,7,5,5.3,aprobada,6,2024-03-01
2998,191,8,5,6.3,aprobada,6,2024-03-01
2999,191,9,5,4.1,aprobada,6,2024-03-01
3000,191,10,5,4.6,aprobada,6,2024-03-01
3001,191,11,6,5.2,aprobada,6,2024-08-01
3002,191,12,6,5.2,aprobada,6,2024-08-01
3003,191,13,6,6.1,aprobada,6,2024-08-01
3004,191,14,6,4.7,aprobada,6,2024-08-01
3005,191,15,6,4.0,aprobada,6,2024-08-01
3006,191,16,7,5.0,aprobada,6,2025-03-01
3007,191,17,7,5.1,aprobada,6,2025-03-01
3008,191,18,7,4.9,aprobada,6,2025-03-01
3009,191,19,7,5.4,aprobada,6,2025-03-01
3010,191,20,7,4.4,aprobada,6,2025-03-01
3011,191,21,8,4.9,aprobada,6,2025-08-01
3012,191,22,8,3.8,reprobada,6,2025-08-01
3013,191,23,8,5.8,aprobada,6,2025-08-01
3014,191,24,8,5.4,aprobada,6,2025-08-01
3015,191,25,8,4.8,aprobada,6,2025-08-01
3016,192,41,7,3.9,reprobada,6,2025-03-01
3017,192,42,7,4.6,aprobada,6,2025-03-01
3018,192,43,7,5.8,aprobada,6,2025-03-01
3019,192,44,7,3.6,reprobada,6,2025-03-01
3020,192,45,7,4.8,aprobada,6,2025-03-01
3021,192,46,8,4.8,aprobada,6,2025-08-01
3022,192,47,8,3.3,reprobada,6,2025-08-01
3023,192,48,8,4.1,aprobada,6,2025-08-01
3024,192,49,8,6.3,aprobada,6,2025-08-01
3025,192,50,8,6.1,aprobada,6,2025-08-01
3026,193,1,1,4.5,aprobada,6,2022-03-01
3027,193,2,1,4.2,aprobada,6,2022-03-01
3028,193,3,1,4.7,aprobada,6,2022-03-01
3029,193,4,1,5.0,aprobada,6,2022-03-01
3030,193,5,1,4.8,aprobada,6,2022-03-01
3031,193,6,2,4.8,aprobada,6,2022-08-01
3032,193,7,2,5.6,aprobada,6,2022-08-01
3033,193,8,2,4.3,aprobada,6,2022-08-01
3034,193,9,2,5.8,aprobada,6,2022-08-01
3035,193,10,2,4.0,aprobada,6,2022-08-01
3036,193,11,3,4.6,aprobada,6,2023-03-01
3037,193,12,3,5.2,aprobada,6,2023-03-01
3038,193,13,3,3.6,reprobada,6,2023-03-01
3039,193,14,3,4.9,aprobada,6,2023-03-01
3040,193,15,3,4.7,aprobada,6,2023-03-01
3041,193,16,4,5.6,aprobada,6,2023-08-01
3042,193,17,4,3.5,reprobada,6,2023-08-01
3043,193,18,4,7.0,aprobada,6,2023-08-01
3044,193,19,4,4.6,aprobada,6,2023-08-01
3045,193,20,4,3.9,reprobada,6,2023-08-01
3046,193,21,5,6.1,aprobada,6,2024-03-01
3047,193,22,5,3.8,reprobada,6,2024-03-01
3048,193,23,5,4.0,aprobada,6,2024-03-01
3049,193,24,5,5.0,aprobada,6,2024-03-01
3050,193,25,5,4.5,aprobada,6,2024-03-01
3051,195,171,6,3.2,reprobada,6,2024-08-01
3052,195,172,6,4.5,aprobada,6,2024-08-01
3053,195,173,6,4.4,aprobada,6,2024-08-01
3054,195,174,6,5.8,aprobada,6,2024-08-01
3055,195,175,6,4.0,aprobada,6,2024-08-01
3056,195,176,7,2.9,reprobada,6,2025-03-01
3057,195,177,7,3.9,reprobada,6,2025-03-01
3058,195,178,7,4.8,aprobada,6,2025-03-01
3059,195,179,7,3.3,reprobada,6,2025-03-01
3060,195,180,7,6.0,aprobada,6,2025-03-01
3061,195,181,8,3.4,reprobada,6,2025-08-01
3062,195,182,8,4.7,aprobada,6,2025-08-01
3063,195,183,8,5.1,aprobada,6,2025-08-01
3064,195,184,8,4.5,aprobada,6,2025-08-01
3065,195,185,8,4.0,aprobada,6,2025-08-01
3066,196,81,7,3.5,reprobada,6,2025-03-01
3067,196,82,7,5.1,aprobada,6,2025-03-01
3068,196,83,7,3.5,reprobada,6,2025-03-01
3069,196,84,7,5.7,aprobada,6,2025-03-01
3070,196,85,7,6.6,aprobada,6,2025-03-01
3071,196,86,8,3.8,reprobada,6,2025-08-01
3072,196,87,8,5.0,aprobada,6,2025-08-01
3073,196,88,8,5.3,aprobada,6,2025-08-01
3074,196,89,8,4.9,aprobada,6,2025-08-01
3075,196,90,8,6.1,aprobada,6,2025-08-01
3076,197,131,5,4.2,aprobada,6,2024-03-01
3077,197,132,5,4.8,aprobada,6,2024-03-01
3078,197,133,5,4.8,aprobada,6,2024-03-01
3079,197,134,5,3.8,reprobada,6,2024-03-01
3080,197,135,5,2.6,reprobada,6,2024-03-01
3081,198,81,7,5.8,aprobada,6,2025-03-01
3082,198,82,7,4.9,aprobada,6,2025-03-01
3083,198,83,7,5.7,aprobada,6,2025-03-01
3084,198,84,7,4.4,aprobada,6,2025-03-01
3085,198,85,7,5.5,aprobada,6,2025-03-01
3086,198,86,8,3.3,reprobada,6,2025-08-01
3087,198,87,8,5.0,aprobada,6,2025-08-01
3088,198,88,8,3.9,reprobada,6,2025-08-01
3089,198,89,8,4.3,aprobada,6,2025-08-01
3090,198,90,8,5.0,aprobada,6,2025-08-01
3091,200,1,3,4.5,aprobada,6,2023-03-01
3092,200,2,3,5.6,aprobada,6,2023-03-01
3093,200,3,3,6.8,aprobada,6,2023-03-01
3094,200,4,3,5.1,aprobada,6,2023-03-01
3095,200,5,3,3.8,reprobada,6,2023-03-01
3096,200,6,4,5.6,aprobada,6,2023-08-01
3097,200,7,4,4.5,aprobada,6,2023-08-01
3098,200,8,4,3.1,reprobada,6,2023-08-01
3099,200,9,4,4.2,aprobada,6,2023-08-01
3100,200,10,4,4.6,aprobada,6,2023-08-01
3101,200,11,5,4.4,aprobada,6,2024-03-01
3102,200,12,5,5.3,aprobada,6,2024-03-01
3103,200,13,5,4.0,aprobada,6,2024-03-01
3104,200,14,5,4.1,aprobada,6,2024-03-01
3105,200,15,5,5.7,aprobada,6,2024-03-01
3106,200,16,6,5.5,aprobada,6,2024-08-01
3107,200,17,6,4.9,aprobada,6,2024-08-01
3108,200,18,6,4.2,aprobada,6,2024-08-01
3109,200,19,6,5.1,aprobada,6,2024-08-01
3110,200,20,6,6.2,aprobada,6,2024-08-01
3111,200,21,7,3.8,reprobada,6,2025-03-01
3112,200,22,7,6.1,aprobada,6,2025-03-01
3113,200,23,7,5.3,aprobada,6,2025-03-01
3114,200,24,7,5.0,aprobada,6,2025-03-01
3115,200,25,7,4.9,aprobada,6,2025-03-01
3116,200,26,8,5.7,aprobada,6,2025-08-01
3117,200,27,8,3.8,reprobada,6,2025-08-01
3118,200,28,8,4.1,aprobada,6,2025-08-01
3119,200,29,8,3.9,reprobada,6,2025-08-01
3120,200,30,8,5.9,aprobada,6,2025-08-01
3121,201,81,6,6.0,aprobada,6,2024-08-01
3122,201,82,6,4.7,aprobada,6,2024-08-01
3123,201,83,6,4.3,aprobada,6,2024-08-01
3124,201,84,6,4.9,aprobada,6,2024-08-01
3125,201,85,6,4.6,aprobada,6,2024-08-01
3126,201,86,7,5.4,aprobada,6,2025-03-01
3127,201,87,7,3.5,reprobada,6,2025-03-01
3128,201,88,7,4.5,aprobada,6,2025-03-01
3129,201,89,7,4.6,aprobada,6,2025-03-01
3130,201,90,7,3.2,reprobada,6,2025-03-01
3131,201,91,8,4.9,aprobada,6,2025-08-01
3132,201,92,8,5.0,aprobada,6,2025-08-01
3133,201,93,8,4.9,aprobada,6,2025-08-01
3134,201,94,8,5.3,aprobada,6,2025-08-01
3135,201,95,8,6.3,aprobada,6,2025-08-01
3136,202,81,7,2.9,reprobada,6,2025-03-01
3137,202,82,7,3.2,reprobada,6,2025-03-01
3138,202,83,7,5.8,aprobada,6,2025-03-01
3139,202,84,7,6.0,aprobada,6,2025-03-01
3140,202,85,7,4.5,aprobada,6,2025-03-01
3141,202,86,8,5.4,aprobada,6,2025-08-01
3142,202,87,8,2.5,reprobada,6,2025-08-01
3143,202,88,8,5.7,aprobada,6,2025-08-01
3144,202,89,8,5.6,aprobada,6,2025-08-01
3145,202,90,8,5.5,aprobada,6,2025-08-01
3146,203,106,7,4.6,aprobada,6,2025-03-01
3147,203,107,7,4.7,aprobada,6,2025-03-01
3148,203,108,7,5.5,aprobada,6,2025-03-01
3149,203,109,7,5.2,aprobada,6,2025-03-01
3150,203,110,7,4.8,aprobada,6,2025-03-01
3151,203,111,8,4.1,aprobada,6,2025-08-01
3152,203,112,8,5.2,aprobada,6,2025-08-01
3153,203,113,8,4.7,aprobada,6,2025-08-01
3154,203,114,8,4.9,aprobada,6,2025-08-01
3155,203,115,8,6.1,aprobada,6,2025-08-01
3156,204,131,5,4.2,aprobada,6,2024-03-01
3157,204,132,5,3.1,reprobada,6,2024-03-01
3158,204,133,5,3.1,reprobada,6,2024-03-01
3159,204,134,5,4.5,aprobada,6,2024-03-01
3160,204,135,5,5.7,aprobada,6,2024-03-01
3161,204,136,6,5.6,aprobada,6,2024-08-01
3162,204,137,6,4.6,aprobada,6,2024-08-01
3163,204,138,6,3.9,reprobada,6,2024-08-01
3164,204,139,6,4.6,aprobada,6,2024-08-01
3165,204,140,6,5.1,aprobada,6,2024-08-01
3166,204,141,7,5.2,aprobada,6,2025-03-01
3167,204,142,7,4.3,aprobada,6,2025-03-01
3168,204,143,7,4.8,aprobada,6,2025-03-01
3169,204,144,7,4.5,aprobada,6,2025-03-01
3170,204,145,7,4.2,aprobada,6,2025-03-01
3171,204,146,8,5.4,aprobada,6,2025-08-01
3172,204,147,8,5.4,aprobada,6,2025-08-01
3173,204,148,8,5.0,aprobada,6,2025-08-01
3174,204,149,8,5.6,aprobada,6,2025-08-01
3175,204,150,8,4.5,aprobada,6,2025-08-01
3176,205,106,3,5.5,aprobada,6,2023-03-01
3177,205,107,3,5.6,aprobada,6,2023-03-01
3178,205,108,3,3.0,reprobada,6,2023-03-01
3179,205,109,3,5.4,aprobada,6,2023-03-01
3180,205,110,3,4.8,aprobada,6,2023-03-01
3181,205,111,4,6.2,aprobada,6,2023-08-01
3182,205,112,4,5.6,aprobada,6,2023-08-01
3183,205,113,4,5.2,aprobada,6,2023-08-01
3184,205,114,4,5.1,aprobada,6,2023-08-01
3185,205,115,4,6.4,aprobada,6,2023-08-01
3186,205,116,5,5.9,aprobada,6,2024-03-01
3187,205,117,5,5.8,aprobada,6,2024-03-01
3188,205,118,5,5.2,aprobada,6,2024-03-01
3189,205,119,5,6.2,aprobada,6,2024-03-01
3190,205,120,5,3.4,reprobada,6,2024-03-01
3191,205,121,6,4.9,aprobada,6,2024-08-01
3192,205,122,6,3.1,reprobada,6,2024-08-01
3193,205,123,6,4.7,aprobada,6,2024-08-01
3194,205,124,6,4.3,aprobada,6,2024-08-01
3195,205,125,6,5.0,aprobada,6,2024-08-01
3196,206,131,5,4.3,aprobada,6,2024-03-01
3197,206,132,5,4.5,aprobada,6,2024-03-01
3198,206,133,5,5.3,aprobada,6,2024-03-01
3199,206,134,5,4.9,aprobada,6,2024-03-01
3200,206,135,5,4.7,aprobada,6,2024-03-01
3201,206,136,6,6.1,aprobada,6,2024-08-01
3202,206,137,6,5.5,aprobada,6,2024-08-01
3203,206,138,6,3.2,reprobada,6,2024-08-01
3204,206,139,6,5.4,aprobada,6,2024-08-01
3205,206,140,6,5.4,aprobada,6,2024-08-01
3206,206,141,7,5.4,aprobada,6,2025-03-01
3207,206,142,7,5.8,aprobada,6,2025-03-01
3208,206,143,7,6.1,aprobada,6,2025-03-01
3209,206,144,7,5.3,aprobada,6,2025-03-01
3210,206,145,7,6.3,aprobada,6,2025-03-01
3211,206,146,8,4.9,aprobada,6,2025-08-01
3212,206,147,8,4.8,aprobada,6,2025-08-01
3213,206,148,8,5.0,aprobada,6,2025-08-01
3214,206,149,8,5.1,aprobada,6,2025-08-01
3215,206,150,8,4.9,aprobada,6,2025-08-01
3216,207,81,5,4.8,aprobada,6,2024-03-01
3217,207,82,5,4.4,aprobada,6,2024-03-01
3218,207,83,5,5.1,aprobada,6,2024-03-01
3219,207,84,5,4.6,aprobada,6,2024-03-01
3220,207,85,5,5.1,aprobada,6,2024-03-01
3221,207,86,6,5.7,aprobada,6,2024-08-01
3222,207,87,6,4.2,aprobada,6,2024-08-01
3223,207,88,6,3.4,reprobada,6,2024-08-01
3224,207,89,6,4.4,aprobada,6,2024-08-01
3225,207,90,6,5.4,aprobada,6,2024-08-01
3226,207,91,7,3.9,reprobada,6,2025-03-01
3227,207,92,7,4.0,aprobada,6,2025-03-01
3228,207,93,7,6.5,aprobada,6,2025-03-01
3229,207,94,7,5.6,aprobada,6,2025-03-01
3230,207,95,7,4.9,aprobada,6,2025-03-01
3231,207,96,8,4.7,aprobada,6,2025-08-01
3232,207,97,8,5.2,aprobada,6,2025-08-01
3233,207,98,8,4.2,aprobada,6,2025-08-01
3234,207,99,8,4.0,aprobada,6,2025-08-01
3235,207,100,8,5.4,aprobada,6,2025-08-01
3236,208,81,2,3.6,reprobada,6,2022-08-01
3237,208,82,2,5.0,aprobada,6,2022-08-01
3238,208,83,2,4.5,aprobada,6,2022-08-01
3239,208,84,2,4.4,aprobada,6,2022-08-01
3240,208,85,2,4.3,aprobada,6,2022-08-01
3241,208,86,3,5.4,aprobada,6,2023-03-01
3242,208,87,3,6.2,aprobada,6,2023-03-01
3243,208,88,3,5.6,aprobada,6,2023-03-01
3244,208,89,3,5.4,aprobada,6,2023-03-01
3245,208,90,3,5.6,aprobada,6,2023-03-01
3246,208,91,4,4.5,aprobada,6,2023-08-01
3247,208,92,4,6.1,aprobada,6,2023-08-01
3248,208,93,4,4.5,aprobada,6,2023-08-01
3249,208,94,4,3.7,reprobada,6,2023-08-01
3250,208,95,4,5.3,aprobada,6,2023-08-01
3251,208,96,5,5.0,aprobada,6,2024-03-01
3252,208,97,5,5.2,aprobada,6,2024-03-01
3253,208,98,5,5.0,aprobada,6,2024-03-01
3254,208,99,5,6.3,aprobada,6,2024-03-01
3255,208,100,5,4.6,aprobada,6,2024-03-01
3256,208,101,6,6.0,aprobada,6,2024-08-01
3257,208,102,6,5.4,aprobada,6,2024-08-01
3258,208,103,6,6.0,aprobada,6,2024-08-01
3259,208,104,6,5.2,aprobada,6,2024-08-01
3260,208,105,6,4.8,aprobada,6,2024-08-01
3261,209,106,6,5.7,aprobada,6,2024-08-01
3262,209,107,6,5.3,aprobada,6,2024-08-01
3263,209,108,6,4.3,aprobada,6,2024-08-01
3264,209,109,6,3.5,reprobada,6,2024-08-01
3265,209,110,6,4.2,aprobada,6,2024-08-01
3266,210,106,7,4.2,aprobada,6,2025-03-01
3267,210,107,7,4.8,aprobada,6,2025-03-01
3268,210,108,7,4.6,aprobada,6,2025-03-01
3269,210,109,7,5.1,aprobada,6,2025-03-01
3270,210,110,7,5.1,aprobada,6,2025-03-01
3271,210,111,8,5.0,aprobada,6,2025-08-01
3272,210,112,8,4.1,aprobada,6,2025-08-01
3273,210,113,8,4.8,aprobada,6,2025-08-01
3274,210,114,8,5.6,aprobada,6,2025-08-01
3275,210,115,8,5.9,aprobada,6,2025-08-01
3276,211,106,5,5.8,aprobada,6,2024-03-01
3277,211,107,5,6.1,aprobada,6,2024-03-01
3278,211,108,5,5.3,aprobada,6,2024-03-01
3279,211,109,5,5.2,aprobada,6,2024-03-01
3280,211,110,5,5.2,aprobada,6,2024-03-01
3281,211,111,6,5.1,aprobada,6,2024-08-01
3282,211,112,6,5.4,aprobada,6,2024-08-01
3283,211,113,6,5.7,aprobada,6,2024-08-01
3284,211,114,6,4.9,aprobada,6,2024-08-01
3285,211,115,6,5.0,aprobada,6,2024-08-01
3286,211,116,7,4.9,aprobada,6,2025-03-01
3287,211,117,7,5.7,aprobada,6,2025-03-01
3288,211,118,7,5.8,aprobada,6,2025-03-01
3289,211,119,7,4.5,aprobada,6,2025-03-01
3290,211,120,7,4.3,aprobada,6,2025-03-01
3291,211,121,8,4.8,aprobada,6,2025-08-01
3292,211,122,8,4.2,aprobada,6,2025-08-01
3293,211,123,8,5.7,aprobada,6,2025-08-01
3294,211,124,8,2.7,reprobada,6,2025-08-01
3295,211,125,8,5.3,aprobada,6,2025-08-01
3296,212,171,4,4.6,aprobada,6,2023-08-01
3297,212,172,4,2.8,reprobada,6,2023-08-01
3298,212,173,4,5.1,aprobada,6,2023-08-01
3299,212,174,4,5.6,aprobada,6,2023-08-01
3300,212,175,4,4.2,aprobada,6,2023-08-01
3301,212,176,5,4.4,aprobada,6,2024-03-01
3302,212,177,5,4.1,aprobada,6,2024-03-01
3303,212,178,5,3.7,reprobada,6,2024-03-01
3304,212,179,5,5.0,aprobada,6,2024-03-01
3305,212,180,5,4.6,aprobada,6,2024-03-01
3306,213,81,7,5.1,aprobada,6,2025-03-01
3307,213,82,7,3.7,reprobada,6,2025-03-01
3308,213,83,7,5.9,aprobada,6,2025-03-01
3309,213,84,7,5.9,aprobada,6,2025-03-01
3310,213,85,7,5.0,aprobada,6,2025-03-01
3311,213,86,8,4.3,aprobada,6,2025-08-01
3312,213,87,8,5.1,aprobada,6,2025-08-01
3313,213,88,8,5.0,aprobada,6,2025-08-01
3314,213,89,8,3.9,reprobada,6,2025-08-01
3315,213,90,8,4.3,aprobada,6,2025-08-01
3316,214,171,7,5.2,aprobada,6,2025-03-01
3317,214,172,7,4.8,aprobada,6,2025-03-01
3318,214,173,7,3.9,reprobada,6,2025-03-01
3319,214,174,7,4.7,aprobada,6,2025-03-01
3320,214,175,7,5.7,aprobada,6,2025-03-01
3321,214,176,8,5.1,aprobada,6,2025-08-01
3322,214,177,8,4.3,aprobada,6,2025-08-01
3323,214,178,8,4.0,aprobada,6,2025-08-01
3324,214,179,8,4.1,aprobada,6,2025-08-01
3325,214,180,8,4.9,aprobada,6,2025-08-01
3326,215,41,1,4.1,aprobada,6,2022-03-01
3327,215,42,1,6.0,aprobada,6,2022-03-01
3328,215,43,1,5.5,aprobada,6,2022-03-01
3329,215,44,1,6.0,aprobada,6,2022-03-01
3330,215,45,1,3.6,reprobada,6,2022-03-01
3331,216,1,3,4.7,aprobada,6,2023-03-01
3332,216,2,3,4.2,aprobada,6,2023-03-01
3333,216,3,3,4.2,aprobada,6,2023-03-01
3334,216,4,3,5.1,aprobada,6,2023-03-01
3335,216,5,3,5.0,aprobada,6,2023-03-01
3336,216,6,4,4.6,aprobada,6,2023-08-01
3337,216,7,4,6.3,aprobada,6,2023-08-01
3338,216,8,4,5.2,aprobada,6,2023-08-01
3339,216,9,4,5.3,aprobada,6,2023-08-01
3340,216,10,4,5.6,aprobada,6,2023-08-01
3341,216,11,5,4.9,aprobada,6,2024-03-01
3342,216,12,5,5.1,aprobada,6,2024-03-01
3343,216,13,5,4.3,aprobada,6,2024-03-01
3344,216,14,5,4.7,aprobada,6,2024-03-01
3345,216,15,5,5.3,aprobada,6,2024-03-01
3346,216,16,6,5.3,aprobada,6,2024-08-01
3347,216,17,6,4.9,aprobada,6,2024-08-01
3348,216,18,6,4.2,aprobada,6,2024-08-01
3349,216,19,6,4.9,aprobada,6,2024-08-01
3350,216,20,6,3.5,reprobada,6,2024-08-01
3351,216,21,7,4.6,aprobada,6,2025-03-01
3352,216,22,7,4.9,aprobada,6,2025-03-01
3353,216,23,7,4.5,aprobada,6,2025-03-01
3354,216,24,7,4.3,aprobada,6,2025-03-01
3355,216,25,7,5.0,aprobada,6,2025-03-01
3356,216,26,8,5.4,aprobada,6,2025-08-01
3357,216,27,8,5.2,aprobada,6,2025-08-01
3358,216,28,8,4.0,aprobada,6,2025-08-01
3359,216,29,8,4.5,aprobada,6,2025-08-01
3360,216,30,8,3.7,reprobada,6,2025-08-01
3361,217,131,5,5.4,aprobada,6,2024-03-01
3362,217,132,5,5.0,aprobada,6,2024-03-01
3363,217,133,5,4.2,aprobada,6,2024-03-01
3364,217,134,5,4.1,aprobada,6,2024-03-01
3365,217,135,5,5.4,aprobada,6,2024-03-01
3366,217,136,6,4.6,aprobada,6,2024-08-01
3367,217,137,6,4.7,aprobada,6,2024-08-01
3368,217,138,6,4.9,aprobada,6,2024-08-01
3369,217,139,6,4.6,aprobada,6,2024-08-01
3370,217,140,6,5.4,aprobada,6,2024-08-01
3371,217,141,7,5.2,aprobada,6,2025-03-01
3372,217,142,7,5.2,aprobada,6,2025-03-01
3373,217,143,7,4.1,aprobada,6,2025-03-01
3374,217,144,7,5.0,aprobada,6,2025-03-01
3375,217,145,7,5.3,aprobada,6,2025-03-01
3376,217,146,8,4.4,aprobada,6,2025-08-01
3377,217,147,8,5.0,aprobada,6,2025-08-01
3378,217,148,8,4.4,aprobada,6,2025-08-01
3379,217,149,8,6.2,aprobada,6,2025-08-01
3380,217,150,8,4.5,aprobada,6,2025-08-01
3381,218,131,5,4.5,aprobada,6,2024-03-01
3382,218,132,5,4.4,aprobada,6,2024-03-01
3383,218,133,5,3.9,reprobada,6,2024-03-01
3384,218,134,5,5.9,aprobada,6,2024-03-01
3385,218,135,5,5.3,aprobada,6,2024-03-01
3386,218,136,6,6.9,aprobada,6,2024-08-01
3387,218,137,6,3.5,reprobada,6,2024-08-01
3388,218,138,6,4.8,aprobada,6,2024-08-01
3389,218,139,6,3.8,reprobada,6,2024-08-01
3390,218,140,6,4.0,aprobada,6,2024-08-01
3391,218,141,7,4.7,aprobada,6,2025-03-01
3392,218,142,7,5.4,aprobada,6,2025-03-01
3393,218,143,7,5.1,aprobada,6,2025-03-01
3394,218,144,7,3.4,reprobada,6,2025-03-01
3395,218,145,7,6.3,aprobada,6,2025-03-01
3396,218,146,8,4.2,aprobada,6,2025-08-01
3397,218,147,8,4.0,aprobada,6,2025-08-01
3398,218,148,8,5.6,aprobada,6,2025-08-01
3399,218,149,8,5.2,aprobada,6,2025-08-01
3400,218,150,8,5.4,aprobada,6,2025-08-01
3401,219,171,7,4.0,aprobada,6,2025-03-01
3402,219,172,7,3.1,reprobada,6,2025-03-01
3403,219,173,7,4.5,aprobada,6,2025-03-01
3404,219,174,7,3.0,reprobada,6,2025-03-01
3405,219,175,7,3.9,reprobada,6,2025-03-01
3406,219,176,8,4.4,aprobada,6,2025-08-01
3407,219,177,8,3.5,reprobada,6,2025-08-01
3408,219,178,8,6.2,aprobada,6,2025-08-01
3409,219,179,8,3.8,reprobada,6,2025-08-01
3410,219,180,8,5.1,aprobada,6,2025-08-01
3411,221,131,3,5.8,aprobada,6,2023-03-01
3412,221,132,3,5.5,aprobada,6,2023-03-01
3413,221,133,3,5.6,aprobada,6,2023-03-01
3414,221,134,3,4.8,aprobada,6,2023-03-01
3415,221,135,3,4.7,aprobada,6,2023-03-01
3416,221,136,4,5.1,aprobada,6,2023-08-01
3417,221,137,4,5.6,aprobada,6,2023-08-01
3418,221,138,4,5.4,aprobada,6,2023-08-01
3419,221,139,4,6.2,aprobada,6,2023-08-01
3420,221,140,4,3.4,reprobada,6,2023-08-01
3421,222,81,3,4.4,aprobada,6,2023-03-01
3422,222,82,3,3.4,reprobada,6,2023-03-01
3423,222,83,3,4.3,aprobada,6,2023-03-01
3424,222,84,3,4.6,aprobada,6,2023-03-01
3425,222,85,3,4.3,aprobada,6,2023-03-01
3426,223,81,4,2.9,reprobada,6,2023-08-01
3427,223,82,4,3.3,reprobada,6,2023-08-01
3428,223,83,4,4.2,aprobada,6,2023-08-01
3429,223,84,4,4.9,aprobada,6,2023-08-01
3430,223,85,4,5.9,aprobada,6,2023-08-01
3431,224,131,1,5.3,aprobada,6,2022-03-01
3432,224,132,1,4.5,aprobada,6,2022-03-01
3433,224,133,1,5.5,aprobada,6,2022-03-01
3434,224,134,1,4.8,aprobada,6,2022-03-01
3435,224,135,1,4.4,aprobada,6,2022-03-01
3436,226,41,6,5.5,aprobada,6,2024-08-01
3437,226,42,6,5.0,aprobada,6,2024-08-01
3438,226,43,6,5.9,aprobada,6,2024-08-01
3439,226,44,6,4.2,aprobada,6,2024-08-01
3440,226,45,6,5.8,aprobada,6,2024-08-01
3441,226,46,7,5.2,aprobada,6,2025-03-01
3442,226,47,7,4.3,aprobada,6,2025-03-01
3443,226,48,7,4.9,aprobada,6,2025-03-01
3444,226,49,7,5.8,aprobada,6,2025-03-01
3445,226,50,7,3.9,reprobada,6,2025-03-01
3446,226,51,8,4.9,aprobada,6,2025-08-01
3447,226,52,8,4.4,aprobada,6,2025-08-01
3448,226,53,8,5.1,aprobada,6,2025-08-01
3449,226,54,8,6.4,aprobada,6,2025-08-01
3450,226,55,8,4.9,aprobada,6,2025-08-01
3451,227,106,7,5.7,aprobada,6,2025-03-01
3452,227,107,7,6.1,aprobada,6,2025-03-01
3453,227,108,7,4.0,aprobada,6,2025-03-01
3454,227,109,7,5.1,aprobada,6,2025-03-01
3455,227,110,7,5.6,aprobada,6,2025-03-01
3456,227,111,8,5.9,aprobada,6,2025-08-01
3457,227,112,8,5.1,aprobada,6,2025-08-01
3458,227,113,8,4.7,aprobada,6,2025-08-01
3459,227,114,8,4.9,aprobada,6,2025-08-01
3460,227,115,8,5.9,aprobada,6,2025-08-01
3461,228,1,1,5.1,aprobada,6,2022-03-01
3462,228,2,1,5.2,aprobada,6,2022-03-01
3463,228,3,1,4.7,aprobada,6,2022-03-01
3464,228,4,1,4.8,aprobada,6,2022-03-01
3465,228,5,1,4.3,aprobada,6,2022-03-01
3466,228,6,2,6.6,aprobada,6,2022-08-01
3467,228,7,2,6.9,aprobada,6,2022-08-01
3468,228,8,2,6.1,aprobada,6,2022-08-01
3469,228,9,2,4.7,aprobada,6,2022-08-01
3470,228,10,2,5.2,aprobada,6,2022-08-01
3471,228,11,3,4.7,aprobada,6,2023-03-01
3472,228,12,3,4.1,aprobada,6,2023-03-01
3473,228,13,3,4.1,aprobada,6,2023-03-01
3474,228,14,3,5.5,aprobada,6,2023-03-01
3475,228,15,3,5.7,aprobada,6,2023-03-01
3476,228,16,4,4.7,aprobada,6,2023-08-01
3477,228,17,4,4.6,aprobada,6,2023-08-01
3478,228,18,4,5.6,aprobada,6,2023-08-01
3479,228,19,4,5.3,aprobada,6,2023-08-01
3480,228,20,4,5.8,aprobada,6,2023-08-01
3481,228,21,5,4.9,aprobada,6,2024-03-01
3482,228,22,5,4.0,aprobada,6,2024-03-01
3483,228,23,5,5.1,aprobada,6,2024-03-01
3484,228,24,5,4.2,aprobada,6,2024-03-01
3485,228,25,5,5.4,aprobada,6,2024-03-01
3486,228,26,6,4.8,aprobada,6,2024-08-01
3487,228,27,6,5.5,aprobada,6,2024-08-01
3488,228,28,6,4.1,aprobada,6,2024-08-01
3489,228,29,6,6.7,aprobada,6,2024-08-01
3490,228,30,6,4.4,aprobada,6,2024-08-01
3491,228,31,7,4.9,aprobada,6,2025-03-01
3492,228,32,7,2.7,reprobada,6,2025-03-01
3493,228,33,7,5.3,aprobada,6,2025-03-01
3494,228,34,7,5.3,aprobada,6,2025-03-01
3495,228,35,7,4.5,aprobada,6,2025-03-01
3496,228,36,8,5.1,aprobada,6,2025-08-01
3497,228,37,8,3.5,reprobada,6,2025-08-01
3498,228,38,8,4.7,aprobada,6,2025-08-01
3499,228,39,8,6.0,aprobada,6,2025-08-01
3500,228,40,8,4.0,aprobada,6,2025-08-01
3501,230,81,5,4.8,aprobada,6,2024-03-01
3502,230,82,5,5.1,aprobada,6,2024-03-01
3503,230,83,5,4.1,aprobada,6,2024-03-01
3504,230,84,5,4.5,aprobada,6,2024-03-01
3505,230,85,5,5.1,aprobada,6,2024-03-01
3506,230,86,6,4.2,aprobada,6,2024-08-01
3507,230,87,6,4.7,aprobada,6,2024-08-01
3508,230,88,6,5.0,aprobada,6,2024-08-01
3509,230,89,6,5.2,aprobada,6,2024-08-01
3510,230,90,6,5.6,aprobada,6,2024-08-01
3511,230,91,7,5.6,aprobada,6,2025-03-01
3512,230,92,7,3.2,reprobada,6,2025-03-01
3513,230,93,7,4.5,aprobada,6,2025-03-01
3514,230,94,7,4.1,aprobada,6,2025-03-01
3515,230,95,7,4.8,aprobada,6,2025-03-01
3516,230,96,8,5.1,aprobada,6,2025-08-01
3517,230,97,8,6.1,aprobada,6,2025-08-01
3518,230,98,8,5.0,aprobada,6,2025-08-01
3519,230,99,8,5.8,aprobada,6,2025-08-01
3520,230,100,8,3.3,reprobada,6,2025-08-01
3521,231,131,5,5.8,aprobada,6,2024-03-01
3522,231,132,5,3.9,reprobada,6,2024-03-01
3523,231,133,5,4.8,aprobada,6,2024-03-01
3524,231,134,5,5.4,aprobada,6,2024-03-01
3525,231,135,5,5.2,aprobada,6,2024-03-01
3526,231,136,6,5.5,aprobada,6,2024-08-01
3527,231,137,6,4.2,aprobada,6,2024-08-01
3528,231,138,6,4.0,aprobada,6,2024-08-01
3529,231,139,6,5.1,aprobada,6,2024-08-01
3530,231,140,6,5.3,aprobada,6,2024-08-01
3531,231,141,7,4.0,aprobada,6,2025-03-01
3532,231,142,7,6.6,aprobada,6,2025-03-01
3533,231,143,7,5.0,aprobada,6,2025-03-01
3534,231,144,7,4.0,aprobada,6,2025-03-01
3535,231,145,7,5.0,aprobada,6,2025-03-01
3536,231,146,8,3.4,reprobada,6,2025-08-01
3537,231,147,8,7.0,aprobada,6,2025-08-01
3538,231,148,8,3.7,reprobada,6,2025-08-01
3539,231,149,8,5.5,aprobada,6,2025-08-01
3540,231,150,8,4.7,aprobada,6,2025-08-01
3541,232,41,7,5.4,aprobada,6,2025-03-01
3542,232,42,7,5.1,aprobada,6,2025-03-01
3543,232,43,7,4.3,aprobada,6,2025-03-01
3544,232,44,7,5.7,aprobada,6,2025-03-01
3545,232,45,7,4.5,aprobada,6,2025-03-01
3546,232,46,8,4.5,aprobada,6,2025-08-01
3547,232,47,8,4.9,aprobada,6,2025-08-01
3548,232,48,8,5.0,aprobada,6,2025-08-01
3549,232,49,8,5.2,aprobada,6,2025-08-01
3550,232,50,8,5.4,aprobada,6,2025-08-01
3551,233,171,5,5.7,aprobada,6,2024-03-01
3552,233,172,5,4.5,aprobada,6,2024-03-01
3553,233,173,5,4.9,aprobada,6,2024-03-01
3554,233,174,5,5.4,aprobada,6,2024-03-01
3555,233,175,5,2.3,reprobada,6,2024-03-01
3556,233,176,6,4.9,aprobada,6,2024-08-01
3557,233,177,6,6.1,aprobada,6,2024-08-01
3558,233,178,6,4.3,aprobada,6,2024-08-01
3559,233,179,6,3.7,reprobada,6,2024-08-01
3560,233,180,6,5.3,aprobada,6,2024-08-01
3561,233,181,7,3.9,reprobada,6,2025-03-01
3562,233,182,7,5.6,aprobada,6,2025-03-01
3563,233,183,7,5.1,aprobada,6,2025-03-01
3564,233,184,7,5.7,aprobada,6,2025-03-01
3565,233,185,7,5.4,aprobada,6,2025-03-01
3566,233,186,8,4.1,aprobada,6,2025-08-01
3567,233,187,8,4.1,aprobada,6,2025-08-01
3568,233,188,8,5.9,aprobada,6,2025-08-01
3569,233,189,8,4.7,aprobada,6,2025-08-01
3570,233,190,8,5.7,aprobada,6,2025-08-01
3571,234,106,5,5.4,aprobada,6,2024-03-01
3572,234,107,5,5.1,aprobada,6,2024-03-01
3573,234,108,5,4.0,aprobada,6,2024-03-01
3574,234,109,5,5.2,aprobada,6,2024-03-01
3575,234,110,5,6.2,aprobada,6,2024-03-01
3576,234,111,6,5.7,aprobada,6,2024-08-01
3577,234,112,6,6.2,aprobada,6,2024-08-01
3578,234,113,6,5.4,aprobada,6,2024-08-01
3579,234,114,6,5.6,aprobada,6,2024-08-01
3580,234,115,6,4.6,aprobada,6,2024-08-01
3581,235,41,8,6.0,aprobada,6,2025-08-01
3582,235,42,8,4.7,aprobada,6,2025-08-01
3583,235,43,8,3.8,reprobada,6,2025-08-01
3584,235,44,8,4.6,aprobada,6,2025-08-01
3585,235,45,8,3.8,reprobada,6,2025-08-01
3586,236,131,4,5.7,aprobada,6,2023-08-01
3587,236,132,4,3.9,reprobada,6,2023-08-01
3588,236,133,4,4.1,aprobada,6,2023-08-01
3589,236,134,4,5.4,aprobada,6,2023-08-01
3590,236,135,4,6.1,aprobada,6,2023-08-01
3591,236,136,5,5.0,aprobada,6,2024-03-01
3592,236,137,5,4.5,aprobada,6,2024-03-01
3593,236,138,5,4.3,aprobada,6,2024-03-01
3594,236,139,5,6.0,aprobada,6,2024-03-01
3595,236,140,5,4.9,aprobada,6,2024-03-01
3596,236,141,6,6.1,aprobada,6,2024-08-01
3597,236,142,6,5.2,aprobada,6,2024-08-01
3598,236,143,6,5.1,aprobada,6,2024-08-01
3599,236,144,6,5.1,aprobada,6,2024-08-01
3600,236,145,6,4.6,aprobada,6,2024-08-01
3601,236,146,7,5.8,aprobada,6,2025-03-01
3602,236,147,7,5.6,aprobada,6,2025-03-01
3603,236,148,7,4.4,aprobada,6,2025-03-01
3604,236,149,7,3.6,reprobada,6,2025-03-01
3605,236,150,7,4.6,aprobada,6,2025-03-01
3606,236,151,8,6.5,aprobada,6,2025-08-01
3607,236,152,8,5.4,aprobada,6,2025-08-01
3608,236,153,8,4.3,aprobada,6,2025-08-01
3609,236,154,8,5.8,aprobada,6,2025-08-01
3610,236,155,8,5.7,aprobada,6,2025-08-01
3611,237,131,7,5.2,aprobada,6,2025-03-01
3612,237,132,7,4.9,aprobada,6,2025-03-01
3613,237,133,7,3.5,reprobada,6,2025-03-01
3614,237,134,7,5.1,aprobada,6,2025-03-01
3615,237,135,7,5.4,aprobada,6,2025-03-01
3616,237,136,8,4.9,aprobada,6,2025-08-01
3617,237,137,8,7.0,aprobada,6,2025-08-01
3618,237,138,8,3.9,reprobada,6,2025-08-01
3619,237,139,8,6.0,aprobada,6,2025-08-01
3620,237,140,8,5.3,aprobada,6,2025-08-01
3621,239,1,5,6.1,aprobada,6,2024-03-01
3622,239,2,5,5.9,aprobada,6,2024-03-01
3623,239,3,5,6.5,aprobada,6,2024-03-01
3624,239,4,5,5.8,aprobada,6,2024-03-01
3625,239,5,5,4.8,aprobada,6,2024-03-01
3626,239,6,6,3.7,reprobada,6,2024-08-01
3627,239,7,6,3.8,reprobada,6,2024-08-01
3628,239,8,6,7.0,aprobada,6,2024-08-01
3629,239,9,6,3.5,reprobada,6,2024-08-01
3630,239,10,6,4.6,aprobada,6,2024-08-01
3631,239,11,7,4.0,aprobada,6,2025-03-01
3632,239,12,7,4.1,aprobada,6,2025-03-01
3633,239,13,7,4.0,aprobada,6,2025-03-01
3634,239,14,7,5.4,aprobada,6,2025-03-01
3635,239,15,7,5.1,aprobada,6,2025-03-01
3636,239,16,8,6.1,aprobada,6,2025-08-01
3637,239,17,8,5.1,aprobada,6,2025-08-01
3638,239,18,8,3.9,reprobada,6,2025-08-01
3639,239,19,8,4.8,aprobada,6,2025-08-01
3640,239,20,8,5.1,aprobada,6,2025-08-01
3641,240,1,7,2.3,reprobada,6,2025-03-01
3642,240,2,7,4.8,aprobada,6,2025-03-01
3643,240,3,7,4.6,aprobada,6,2025-03-01
3644,240,4,7,5.0,aprobada,6,2025-03-01
3645,240,5,7,4.7,aprobada,6,2025-03-01
3646,240,6,8,5.4,aprobada,6,2025-08-01
3647,240,7,8,5.5,aprobada,6,2025-08-01
3648,240,8,8,5.5,aprobada,6,2025-08-01
3649,240,9,8,6.8,aprobada,6,2025-08-01
3650,240,10,8,4.9,aprobada,6,2025-08-01
3651,241,131,1,4.4,aprobada,6,2022-03-01
3652,241,132,1,4.4,aprobada,6,2022-03-01
3653,241,133,1,5.0,aprobada,6,2022-03-01
3654,241,134,1,5.8,aprobada,6,2022-03-01
3655,241,135,1,3.2,reprobada,6,2022-03-01
3656,241,136,2,5.1,aprobada,6,2022-08-01
3657,241,137,2,4.6,aprobada,6,2022-08-01
3658,241,138,2,5.8,aprobada,6,2022-08-01
3659,241,139,2,4.8,aprobada,6,2022-08-01
3660,241,140,2,5.2,aprobada,6,2022-08-01
3661,241,141,3,6.2,aprobada,6,2023-03-01
3662,241,142,3,4.3,aprobada,6,2023-03-01
3663,241,143,3,5.1,aprobada,6,2023-03-01
3664,241,144,3,6.0,aprobada,6,2023-03-01
3665,241,145,3,5.6,aprobada,6,2023-03-01
3666,241,146,4,5.5,aprobada,6,2023-08-01
3667,241,147,4,5.6,aprobada,6,2023-08-01
3668,241,148,4,4.3,aprobada,6,2023-08-01
3669,241,149,4,4.6,aprobada,6,2023-08-01
3670,241,150,4,4.4,aprobada,6,2023-08-01
3671,241,151,5,5.6,aprobada,6,2024-03-01
3672,241,152,5,4.9,aprobada,6,2024-03-01
3673,241,153,5,4.8,aprobada,6,2024-03-01
3674,241,154,5,4.8,aprobada,6,2024-03-01
3675,241,155,5,4.1,aprobada,6,2024-03-01
3676,241,156,6,3.6,reprobada,6,2024-08-01
3677,241,157,6,6.3,aprobada,6,2024-08-01
3678,241,158,6,5.0,aprobada,6,2024-08-01
3679,241,159,6,5.5,aprobada,6,2024-08-01
3680,241,160,6,5.0,aprobada,6,2024-08-01
3681,242,1,8,4.7,aprobada,6,2025-08-01
3682,242,2,8,5.8,aprobada,6,2025-08-01
3683,242,3,8,5.1,aprobada,6,2025-08-01
3684,242,4,8,4.3,aprobada,6,2025-08-01
3685,242,5,8,3.3,reprobada,6,2025-08-01
3686,243,131,7,4.4,aprobada,6,2025-03-01
3687,243,132,7,5.3,aprobada,6,2025-03-01
3688,243,133,7,5.6,aprobada,6,2025-03-01
3689,243,134,7,6.7,aprobada,6,2025-03-01
3690,243,135,7,4.9,aprobada,6,2025-03-01
3691,243,136,8,3.2,reprobada,6,2025-08-01
3692,243,137,8,4.2,aprobada,6,2025-08-01
3693,243,138,8,5.7,aprobada,6,2025-08-01
3694,243,139,8,5.7,aprobada,6,2025-08-01
3695,243,140,8,5.5,aprobada,6,2025-08-01
3696,244,131,7,3.9,reprobada,6,2025-03-01
3697,244,132,7,4.8,aprobada,6,2025-03-01
3698,244,133,7,4.4,aprobada,6,2025-03-01
3699,244,134,7,5.4,aprobada,6,2025-03-01
3700,244,135,7,3.7,reprobada,6,2025-03-01
3701,244,136,8,5.5,aprobada,6,2025-08-01
3702,244,137,8,5.2,aprobada,6,2025-08-01
3703,244,138,8,5.3,aprobada,6,2025-08-01
3704,244,139,8,4.8,aprobada,6,2025-08-01
3705,244,140,8,3.9,reprobada,6,2025-08-01
3706,245,106,5,4.0,aprobada,6,2024-03-01
3707,245,107,5,5.8,aprobada,6,2024-03-01
3708,245,108,5,3.4,reprobada,6,2024-03-01
3709,245,109,5,4.9,aprobada,6,2024-03-01
3710,245,110,5,4.2,aprobada,6,2024-03-01
3711,245,111,6,4.5,aprobada,6,2024-08-01
3712,245,112,6,5.0,aprobada,6,2024-08-01
3713,245,113,6,5.1,aprobada,6,2024-08-01
3714,245,114,6,3.6,reprobada,6,2024-08-01
3715,245,115,6,4.9,aprobada,6,2024-08-01
3716,245,116,7,5.4,aprobada,6,2025-03-01
3717,245,117,7,5.8,aprobada,6,2025-03-01
3718,245,118,7,5.4,aprobada,6,2025-03-01
3719,245,119,7,6.3,aprobada,6,2025-03-01
3720,245,120,7,3.3,reprobada,6,2025-03-01
3721,245,121,8,4.9,aprobada,6,2025-08-01
3722,245,122,8,5.1,aprobada,6,2025-08-01
3723,245,123,8,6.5,aprobada,6,2025-08-01
3724,245,124,8,4.4,aprobada,6,2025-08-01
3725,245,125,8,6.0,aprobada,6,2025-08-01
3726,249,41,6,4.6,aprobada,6,2024-08-01
3727,249,42,6,4.6,aprobada,6,2024-08-01
3728,249,43,6,5.0,aprobada,6,2024-08-01
3729,249,44,6,4.6,aprobada,6,2024-08-01
3730,249,45,6,4.0,aprobada,6,2024-08-01
3731,249,46,7,3.5,reprobada,6,2025-03-01
3732,249,47,7,5.0,aprobada,6,2025-03-01
3733,249,48,7,5.8,aprobada,6,2025-03-01
3734,249,49,7,3.6,reprobada,6,2025-03-01
3735,249,50,7,4.2,aprobada,6,2025-03-01
3736,249,51,8,4.4,aprobada,6,2025-08-01
3737,249,52,8,5.0,aprobada,6,2025-08-01
3738,249,53,8,4.8,aprobada,6,2025-08-01
3739,249,54,8,5.4,aprobada,6,2025-08-01
3740,249,55,8,5.0,aprobada,6,2025-08-01
3741,250,41,3,4.8,aprobada,6,2023-03-01
3742,250,42,3,6.7,aprobada,6,2023-03-01
3743,250,43,3,3.8,reprobada,6,2023-03-01
3744,250,44,3,5.7,aprobada,6,2023-03-01
3745,250,45,3,6.0,aprobada,6,2023-03-01
3746,250,46,4,5.0,aprobada,6,2023-08-01
3747,250,47,4,5.3,aprobada,6,2023-08-01
3748,250,48,4,4.9,aprobada,6,2023-08-01
3749,250,49,4,5.0,aprobada,6,2023-08-01
3750,250,50,4,5.6,aprobada,6,2023-08-01
3751,250,51,5,5.2,aprobada,6,2024-03-01
3752,250,52,5,5.6,aprobada,6,2024-03-01
3753,250,53,5,5.4,aprobada,6,2024-03-01
3754,250,54,5,3.2,reprobada,6,2024-03-01
3755,250,55,5,4.1,aprobada,6,2024-03-01
3756,250,56,6,3.4,reprobada,6,2024-08-01
3757,250,57,6,4.3,aprobada,6,2024-08-01
3758,250,58,6,4.0,aprobada,6,2024-08-01
3759,250,59,6,6.3,aprobada,6,2024-08-01
3760,250,60,6,6.2,aprobada,6,2024-08-01
3761,250,61,7,5.0,aprobada,6,2025-03-01
3762,250,62,7,3.4,reprobada,6,2025-03-01
3763,250,63,7,4.1,aprobada,6,2025-03-01
3764,250,64,7,5.0,aprobada,6,2025-03-01
3765,250,65,7,4.9,aprobada,6,2025-03-01
3766,250,66,8,5.7,aprobada,6,2025-08-01
3767,250,67,8,6.1,aprobada,6,2025-08-01
3768,250,68,8,4.3,aprobada,6,2025-08-01
3769,250,69,8,4.5,aprobada,6,2025-08-01
3770,250,70,8,4.1,aprobada,6,2025-08-01
3771,251,1,6,4.2,aprobada,6,2024-08-01
3772,251,2,6,4.5,aprobada,6,2024-08-01
3773,251,3,6,3.7,reprobada,6,2024-08-01
3774,251,4,6,3.5,reprobada,6,2024-08-01
3775,251,5,6,4.8,aprobada,6,2024-08-01
3776,251,6,7,4.6,aprobada,6,2025-03-01
3777,251,7,7,5.5,aprobada,6,2025-03-01
3778,251,8,7,4.4,aprobada,6,2025-03-01
3779,251,9,7,5.4,aprobada,6,2025-03-01
3780,251,10,7,3.5,reprobada,6,2025-03-01
3781,251,11,8,5.0,aprobada,6,2025-08-01
3782,251,12,8,4.8,aprobada,6,2025-08-01
3783,251,13,8,4.6,aprobada,6,2025-08-01
3784,251,14,8,5.4,aprobada,6,2025-08-01
3785,251,15,8,5.0,aprobada,6,2025-08-01
3786,252,131,1,3.8,reprobada,6,2022-03-01
3787,252,132,1,4.2,aprobada,6,2022-03-01
3788,252,133,1,4.4,aprobada,6,2022-03-01
3789,252,134,1,4.1,aprobada,6,2022-03-01
3790,252,135,1,3.2,reprobada,6,2022-03-01
3791,252,136,2,4.3,aprobada,6,2022-08-01
3792,252,137,2,6.2,aprobada,6,2022-08-01
3793,252,138,2,3.8,reprobada,6,2022-08-01
3794,252,139,2,6.8,aprobada,6,2022-08-01
3795,252,140,2,4.4,aprobada,6,2022-08-01
3796,252,141,3,5.0,aprobada,6,2023-03-01
3797,252,142,3,4.7,aprobada,6,2023-03-01
3798,252,143,3,5.3,aprobada,6,2023-03-01
3799,252,144,3,5.4,aprobada,6,2023-03-01
3800,252,145,3,5.8,aprobada,6,2023-03-01
3801,253,81,2,4.1,aprobada,6,2022-08-01
3802,253,82,2,6.1,aprobada,6,2022-08-01
3803,253,83,2,4.2,aprobada,6,2022-08-01
3804,253,84,2,4.2,aprobada,6,2022-08-01
3805,253,85,2,4.3,aprobada,6,2022-08-01
3806,253,86,3,4.9,aprobada,6,2023-03-01
3807,253,87,3,4.6,aprobada,6,2023-03-01
3808,253,88,3,4.6,aprobada,6,2023-03-01
3809,253,89,3,5.1,aprobada,6,2023-03-01
3810,253,90,3,4.4,aprobada,6,2023-03-01
3811,253,91,4,3.4,reprobada,6,2023-08-01
3812,253,92,4,4.1,aprobada,6,2023-08-01
3813,253,93,4,5.2,aprobada,6,2023-08-01
3814,253,94,4,6.5,aprobada,6,2023-08-01
3815,253,95,4,5.1,aprobada,6,2023-08-01
3816,253,96,5,6.4,aprobada,6,2024-03-01
3817,253,97,5,4.1,aprobada,6,2024-03-01
3818,253,98,5,5.3,aprobada,6,2024-03-01
3819,253,99,5,3.3,reprobada,6,2024-03-01
3820,253,100,5,5.1,aprobada,6,2024-03-01
3821,253,101,6,6.4,aprobada,6,2024-08-01
3822,253,102,6,5.1,aprobada,6,2024-08-01
3823,253,103,6,6.7,aprobada,6,2024-08-01
3824,253,104,6,4.4,aprobada,6,2024-08-01
3825,253,105,6,5.6,aprobada,6,2024-08-01
3826,254,41,8,4.7,aprobada,6,2025-08-01
3827,254,42,8,5.9,aprobada,6,2025-08-01
3828,254,43,8,5.6,aprobada,6,2025-08-01
3829,254,44,8,5.1,aprobada,6,2025-08-01
3830,254,45,8,4.1,aprobada,6,2025-08-01
3831,255,1,5,6.3,aprobada,6,2024-03-01
3832,255,2,5,4.9,aprobada,6,2024-03-01
3833,255,3,5,5.0,aprobada,6,2024-03-01
3834,255,4,5,4.1,aprobada,6,2024-03-01
3835,255,5,5,4.8,aprobada,6,2024-03-01
3836,255,6,6,4.6,aprobada,6,2024-08-01
3837,255,7,6,5.3,aprobada,6,2024-08-01
3838,255,8,6,5.5,aprobada,6,2024-08-01
3839,255,9,6,5.1,aprobada,6,2024-08-01
3840,255,10,6,4.7,aprobada,6,2024-08-01
3841,255,11,7,4.6,aprobada,6,2025-03-01
3842,255,12,7,5.6,aprobada,6,2025-03-01
3843,255,13,7,6.7,aprobada,6,2025-03-01
3844,255,14,7,5.4,aprobada,6,2025-03-01
3845,255,15,7,5.0,aprobada,6,2025-03-01
3846,255,16,8,4.1,aprobada,6,2025-08-01
3847,255,17,8,5.5,aprobada,6,2025-08-01
3848,255,18,8,4.4,aprobada,6,2025-08-01
3849,255,19,8,4.8,aprobada,6,2025-08-01
3850,255,20,8,5.9,aprobada,6,2025-08-01
3851,256,171,8,4.4,aprobada,6,2025-08-01
3852,256,172,8,4.3,aprobada,6,2025-08-01
3853,256,173,8,5.9,aprobada,6,2025-08-01
3854,256,174,8,5.9,aprobada,6,2025-08-01
3855,256,175,8,4.2,aprobada,6,2025-08-01
3856,257,131,3,4.8,aprobada,6,2023-03-01
3857,257,132,3,4.9,aprobada,6,2023-03-01
3858,257,133,3,4.3,aprobada,6,2023-03-01
3859,257,134,3,2.2,reprobada,6,2023-03-01
3860,257,135,3,5.3,aprobada,6,2023-03-01
3861,257,136,4,4.7,aprobada,6,2023-08-01
3862,257,137,4,4.5,aprobada,6,2023-08-01
3863,257,138,4,6.1,aprobada,6,2023-08-01
3864,257,139,4,5.6,aprobada,6,2023-08-01
3865,257,140,4,4.1,aprobada,6,2023-08-01
3866,257,141,5,5.9,aprobada,6,2024-03-01
3867,257,142,5,5.2,aprobada,6,2024-03-01
3868,257,143,5,5.7,aprobada,6,2024-03-01
3869,257,144,5,5.2,aprobada,6,2024-03-01
3870,257,145,5,4.4,aprobada,6,2024-03-01
3871,257,146,6,5.7,aprobada,6,2024-08-01
3872,257,147,6,5.1,aprobada,6,2024-08-01
3873,257,148,6,4.2,aprobada,6,2024-08-01
3874,257,149,6,5.5,aprobada,6,2024-08-01
3875,257,150,6,6.1,aprobada,6,2024-08-01
3876,257,151,7,5.1,aprobada,6,2025-03-01
3877,257,152,7,5.8,aprobada,6,2025-03-01
3878,257,153,7,5.2,aprobada,6,2025-03-01
3879,257,154,7,4.4,aprobada,6,2025-03-01
3880,257,155,7,6.8,aprobada,6,2025-03-01
3881,257,156,8,5.7,aprobada,6,2025-08-01
3882,257,157,8,5.5,aprobada,6,2025-08-01
3883,257,158,8,4.4,aprobada,6,2025-08-01
3884,257,159,8,4.4,aprobada,6,2025-08-01
3885,257,160,8,5.3,aprobada,6,2025-08-01
3886,258,41,7,3.5,reprobada,6,2025-03-01
3887,258,42,7,5.7,aprobada,6,2025-03-01
3888,258,43,7,3.2,reprobada,6,2025-03-01
3889,258,44,7,4.6,aprobada,6,2025-03-01
3890,258,45,7,5.9,aprobada,6,2025-03-01
3891,258,46,8,3.8,reprobada,6,2025-08-01
3892,258,47,8,5.9,aprobada,6,2025-08-01
3893,258,48,8,3.1,reprobada,6,2025-08-01
3894,258,49,8,4.6,aprobada,6,2025-08-01
3895,258,50,8,4.5,aprobada,6,2025-08-01
3896,259,1,5,3.0,reprobada,6,2024-03-01
3897,259,2,5,3.8,reprobada,6,2024-03-01
3898,259,3,5,5.6,aprobada,6,2024-03-01
3899,259,4,5,4.6,aprobada,6,2024-03-01
3900,259,5,5,3.6,reprobada,6,2024-03-01
3901,259,6,6,4.1,aprobada,6,2024-08-01
3902,259,7,6,4.9,aprobada,6,2024-08-01
3903,259,8,6,6.4,aprobada,6,2024-08-01
3904,259,9,6,4.5,aprobada,6,2024-08-01
3905,259,10,6,6.3,aprobada,6,2024-08-01
3906,259,11,7,4.4,aprobada,6,2025-03-01
3907,259,12,7,5.9,aprobada,6,2025-03-01
3908,259,13,7,3.9,reprobada,6,2025-03-01
3909,259,14,7,4.8,aprobada,6,2025-03-01
3910,259,15,7,4.4,aprobada,6,2025-03-01
3911,259,16,8,4.2,aprobada,6,2025-08-01
3912,259,17,8,6.2,aprobada,6,2025-08-01
3913,259,18,8,4.7,aprobada,6,2025-08-01
3914,259,19,8,4.7,aprobada,6,2025-08-01
3915,259,20,8,6.0,aprobada,6,2025-08-01
3916,260,1,7,5.6,aprobada,6,2025-03-01
3917,260,2,7,3.5,reprobada,6,2025-03-01
3918,260,3,7,5.4,aprobada,6,2025-03-01
3919,260,4,7,4.7,aprobada,6,2025-03-01
3920,260,5,7,5.9,aprobada,6,2025-03-01
3921,260,6,8,5.5,aprobada,6,2025-08-01
3922,260,7,8,4.7,aprobada,6,2025-08-01
3923,260,8,8,4.7,aprobada,6,2025-08-01
3924,260,9,8,4.0,aprobada,6,2025-08-01
3925,260,10,8,4.2,aprobada,6,2025-08-01
3926,262,171,1,3.0,reprobada,6,2022-03-01
3927,262,172,1,4.3,aprobada,6,2022-03-01
3928,262,173,1,4.5,aprobada,6,2022-03-01
3929,262,174,1,5.5,aprobada,6,2022-03-01
3930,262,175,1,4.7,aprobada,6,2022-03-01
3931,262,176,2,4.6,aprobada,6,2022-08-01
3932,262,177,2,7.0,aprobada,6,2022-08-01
3933,262,178,2,6.1,aprobada,6,2022-08-01
3934,262,179,2,4.8,aprobada,6,2022-08-01
3935,262,180,2,3.1,reprobada,6,2022-08-01
3936,262,181,3,4.4,aprobada,6,2023-03-01
3937,262,182,3,4.6,aprobada,6,2023-03-01
3938,262,183,3,5.5,aprobada,6,2023-03-01
3939,262,184,3,4.9,aprobada,6,2023-03-01
3940,262,185,3,4.8,aprobada,6,2023-03-01
3941,262,186,4,5.0,aprobada,6,2023-08-01
3942,262,187,4,6.0,aprobada,6,2023-08-01
3943,262,188,4,6.8,aprobada,6,2023-08-01
3944,262,189,4,6.1,aprobada,6,2023-08-01
3945,262,190,4,4.3,aprobada,6,2023-08-01
3946,262,191,5,4.2,aprobada,6,2024-03-01
3947,262,192,5,5.1,aprobada,6,2024-03-01
3948,262,193,5,5.6,aprobada,6,2024-03-01
3949,262,194,5,6.2,aprobada,6,2024-03-01
3950,262,195,5,4.8,aprobada,6,2024-03-01
3951,263,1,4,4.9,aprobada,6,2023-08-01
3952,263,2,4,3.4,reprobada,6,2023-08-01
3953,263,3,4,5.0,aprobada,6,2023-08-01
3954,263,4,4,3.7,reprobada,6,2023-08-01
3955,263,5,4,3.4,reprobada,6,2023-08-01
3956,264,106,5,5.1,aprobada,6,2024-03-01
3957,264,107,5,4.0,aprobada,6,2024-03-01
3958,264,108,5,5.5,aprobada,6,2024-03-01
3959,264,109,5,5.2,aprobada,6,2024-03-01
3960,264,110,5,5.2,aprobada,6,2024-03-01
3961,265,171,8,2.8,reprobada,6,2025-08-01
3962,265,172,8,4.4,aprobada,6,2025-08-01
3963,265,173,8,4.7,aprobada,6,2025-08-01
3964,265,174,8,5.2,aprobada,6,2025-08-01
3965,265,175,8,3.4,reprobada,6,2025-08-01
3966,266,131,5,4.4,aprobada,6,2024-03-01
3967,266,132,5,4.8,aprobada,6,2024-03-01
3968,266,133,5,3.8,reprobada,6,2024-03-01
3969,266,134,5,5.6,aprobada,6,2024-03-01
3970,266,135,5,4.9,aprobada,6,2024-03-01
3971,266,136,6,4.6,aprobada,6,2024-08-01
3972,266,137,6,5.6,aprobada,6,2024-08-01
3973,266,138,6,6.1,aprobada,6,2024-08-01
3974,266,139,6,4.9,aprobada,6,2024-08-01
3975,266,140,6,6.7,aprobada,6,2024-08-01
3976,266,141,7,3.9,reprobada,6,2025-03-01
3977,266,142,7,5.0,aprobada,6,2025-03-01
3978,266,143,7,3.5,reprobada,6,2025-03-01
3979,266,144,7,4.2,aprobada,6,2025-03-01
3980,266,145,7,5.7,aprobada,6,2025-03-01
3981,266,146,8,4.3,aprobada,6,2025-08-01
3982,266,147,8,6.3,aprobada,6,2025-08-01
3983,266,148,8,5.0,aprobada,6,2025-08-01
3984,266,149,8,5.3,aprobada,6,2025-08-01
3985,266,150,8,3.5,reprobada,6,2025-08-01
3986,267,81,4,5.0,aprobada,6,2023-08-01
3987,267,82,4,5.1,aprobada,6,2023-08-01
3988,267,83,4,5.3,aprobada,6,2023-08-01
3989,267,84,4,4.9,aprobada,6,2023-08-01
3990,267,85,4,4.6,aprobada,6,2023-08-01
3991,267,86,5,4.4,aprobada,6,2024-03-01
3992,267,87,5,7.0,aprobada,6,2024-03-01
3993,267,88,5,4.5,aprobada,6,2024-03-01
3994,267,89,5,5.3,aprobada,6,2024-03-01
3995,267,90,5,4.1,aprobada,6,2024-03-01
3996,267,91,6,5.3,aprobada,6,2024-08-01
3997,267,92,6,4.1,aprobada,6,2024-08-01
3998,267,93,6,4.4,aprobada,6,2024-08-01
3999,267,94,6,6.8,aprobada,6,2024-08-01
4000,267,95,6,4.8,aprobada,6,2024-08-01
4001,267,96,7,6.9,aprobada,6,2025-03-01
4002,267,97,7,5.0,aprobada,6,2025-03-01
4003,267,98,7,5.1,aprobada,6,2025-03-01
4004,267,99,7,5.1,aprobada,6,2025-03-01
4005,267,100,7,4.7,aprobada,6,2025-03-01
4006,267,101,8,6.3,aprobada,6,2025-08-01
4007,267,102,8,4.1,aprobada,6,2025-08-01
4008,267,103,8,4.6,aprobada,6,2025-08-01
4009,267,104,8,4.5,aprobada,6,2025-08-01
4010,267,105,8,4.8,aprobada,6,2025-08-01
4011,270,106,5,5.2,aprobada,6,2024-03-01
4012,270,107,5,5.0,aprobada,6,2024-03-01
4013,270,108,5,3.3,reprobada,6,2024-03-01
4014,270,109,5,5.0,aprobada,6,2024-03-01
4015,270,110,5,4.0,aprobada,6,2024-03-01
4016,270,111,6,5.9,aprobada,6,2024-08-01
4017,270,112,6,4.3,aprobada,6,2024-08-01
4018,270,113,6,5.0,aprobada,6,2024-08-01
4019,270,114,6,5.2,aprobada,6,2024-08-01
4020,270,115,6,4.4,aprobada,6,2024-08-01
4021,270,116,7,3.9,reprobada,6,2025-03-01
4022,270,117,7,5.5,aprobada,6,2025-03-01
4023,270,118,7,4.9,aprobada,6,2025-03-01
4024,270,119,7,3.9,reprobada,6,2025-03-01
4025,270,120,7,5.1,aprobada,6,2025-03-01
4026,270,121,8,6.0,aprobada,6,2025-08-01
4027,270,122,8,5.4,aprobada,6,2025-08-01
4028,270,123,8,4.8,aprobada,6,2025-08-01
4029,270,124,8,3.9,reprobada,6,2025-08-01
4030,270,125,8,5.4,aprobada,6,2025-08-01
4031,272,171,4,4.9,aprobada,6,2023-08-01
4032,272,172,4,5.6,aprobada,6,2023-08-01
4033,272,173,4,5.3,aprobada,6,2023-08-01
4034,272,174,4,5.0,aprobada,6,2023-08-01
4035,272,175,4,2.8,reprobada,6,2023-08-01
4036,272,176,5,6.3,aprobada,6,2024-03-01
4037,272,177,5,4.2,aprobada,6,2024-03-01
4038,272,178,5,3.3,reprobada,6,2024-03-01
4039,272,179,5,6.8,aprobada,6,2024-03-01
4040,272,180,5,6.3,aprobada,6,2024-03-01
4041,272,181,6,6.0,aprobada,6,2024-08-01
4042,272,182,6,6.3,aprobada,6,2024-08-01
4043,272,183,6,5.8,aprobada,6,2024-08-01
4044,272,184,6,6.3,aprobada,6,2024-08-01
4045,272,185,6,5.3,aprobada,6,2024-08-01
4046,272,186,7,5.9,aprobada,6,2025-03-01
4047,272,187,7,5.0,aprobada,6,2025-03-01
4048,272,188,7,5.3,aprobada,6,2025-03-01
4049,272,189,7,5.7,aprobada,6,2025-03-01
4050,272,190,7,5.8,aprobada,6,2025-03-01
4051,272,191,8,4.5,aprobada,6,2025-08-01
4052,272,192,8,5.2,aprobada,6,2025-08-01
4053,272,193,8,4.5,aprobada,6,2025-08-01
4054,272,194,8,4.4,aprobada,6,2025-08-01
4055,272,195,8,5.4,aprobada,6,2025-08-01
4056,273,106,3,5.3,aprobada,6,2023-03-01
4057,273,107,3,3.8,reprobada,6,2023-03-01
4058,273,108,3,3.1,reprobada,6,2023-03-01
4059,273,109,3,6.1,aprobada,6,2023-03-01
4060,273,110,3,4.7,aprobada,6,2023-03-01
4061,273,111,4,5.5,aprobada,6,2023-08-01
4062,273,112,4,6.4,aprobada,6,2023-08-01
4063,273,113,4,5.8,aprobada,6,2023-08-01
4064,273,114,4,5.7,aprobada,6,2023-08-01
4065,273,115,4,6.1,aprobada,6,2023-08-01
4066,274,106,7,5.4,aprobada,6,2025-03-01
4067,274,107,7,6.2,aprobada,6,2025-03-01
4068,274,108,7,4.7,aprobada,6,2025-03-01
4069,274,109,7,4.1,aprobada,6,2025-03-01
4070,274,110,7,4.7,aprobada,6,2025-03-01
4071,274,111,8,5.1,aprobada,6,2025-08-01
4072,274,112,8,6.4,aprobada,6,2025-08-01
4073,274,113,8,6.3,aprobada,6,2025-08-01
4074,274,114,8,4.7,aprobada,6,2025-08-01
4075,274,115,8,4.3,aprobada,6,2025-08-01
4076,275,171,8,5.4,aprobada,6,2025-08-01
4077,275,172,8,5.6,aprobada,6,2025-08-01
4078,275,173,8,3.7,reprobada,6,2025-08-01
4079,275,174,8,4.9,aprobada,6,2025-08-01
4080,275,175,8,5.5,aprobada,6,2025-08-01
4081,276,131,2,5.3,aprobada,6,2022-08-01
4082,276,132,2,5.3,aprobada,6,2022-08-01
4083,276,133,2,3.6,reprobada,6,2022-08-01
4084,276,134,2,5.3,aprobada,6,2022-08-01
4085,276,135,2,4.7,aprobada,6,2022-08-01
4086,276,136,3,5.7,aprobada,6,2023-03-01
4087,276,137,3,5.4,aprobada,6,2023-03-01
4088,276,138,3,5.4,aprobada,6,2023-03-01
4089,276,139,3,5.5,aprobada,6,2023-03-01
4090,276,140,3,5.0,aprobada,6,2023-03-01
4091,276,141,4,3.5,reprobada,6,2023-08-01
4092,276,142,4,5.6,aprobada,6,2023-08-01
4093,276,143,4,4.3,aprobada,6,2023-08-01
4094,276,144,4,5.1,aprobada,6,2023-08-01
4095,276,145,4,5.9,aprobada,6,2023-08-01
4096,276,146,5,6.0,aprobada,6,2024-03-01
4097,276,147,5,5.2,aprobada,6,2024-03-01
4098,276,148,5,4.0,aprobada,6,2024-03-01
4099,276,149,5,5.9,aprobada,6,2024-03-01
4100,276,150,5,4.6,aprobada,6,2024-03-01
4101,276,151,6,3.5,reprobada,6,2024-08-01
4102,276,152,6,3.5,reprobada,6,2024-08-01
4103,276,153,6,6.3,aprobada,6,2024-08-01
4104,276,154,6,5.8,aprobada,6,2024-08-01
4105,276,155,6,6.8,aprobada,6,2024-08-01
4106,276,156,7,5.3,aprobada,6,2025-03-01
4107,276,157,7,4.4,aprobada,6,2025-03-01
4108,276,158,7,5.9,aprobada,6,2025-03-01
4109,276,159,7,5.6,aprobada,6,2025-03-01
4110,276,160,7,4.5,aprobada,6,2025-03-01
4111,276,161,8,4.2,aprobada,6,2025-08-01
4112,276,162,8,5.6,aprobada,6,2025-08-01
4113,276,163,8,4.6,aprobada,6,2025-08-01
4114,276,164,8,4.6,aprobada,6,2025-08-01
4115,276,165,8,5.9,aprobada,6,2025-08-01
4116,277,106,7,5.0,aprobada,6,2025-03-01
4117,277,107,7,4.9,aprobada,6,2025-03-01
4118,277,108,7,4.6,aprobada,6,2025-03-01
4119,277,109,7,4.3,aprobada,6,2025-03-01
4120,277,110,7,5.1,aprobada,6,2025-03-01
4121,277,111,8,4.5,aprobada,6,2025-08-01
4122,277,112,8,4.7,aprobada,6,2025-08-01
4123,277,113,8,5.6,aprobada,6,2025-08-01
4124,277,114,8,5.4,aprobada,6,2025-08-01
4125,277,115,8,6.0,aprobada,6,2025-08-01
4126,278,171,5,3.5,reprobada,6,2024-03-01
4127,278,172,5,5.3,aprobada,6,2024-03-01
4128,278,173,5,3.6,reprobada,6,2024-03-01
4129,278,174,5,4.4,aprobada,6,2024-03-01
4130,278,175,5,5.7,aprobada,6,2024-03-01
4131,278,176,6,6.3,aprobada,6,2024-08-01
4132,278,177,6,3.6,reprobada,6,2024-08-01
4133,278,178,6,3.8,reprobada,6,2024-08-01
4134,278,179,6,5.8,aprobada,6,2024-08-01
4135,278,180,6,6.5,aprobada,6,2024-08-01
4136,278,181,7,3.7,reprobada,6,2025-03-01
4137,278,182,7,4.9,aprobada,6,2025-03-01
4138,278,183,7,3.2,reprobada,6,2025-03-01
4139,278,184,7,4.7,aprobada,6,2025-03-01
4140,278,185,7,6.0,aprobada,6,2025-03-01
4141,278,186,8,4.4,aprobada,6,2025-08-01
4142,278,187,8,4.3,aprobada,6,2025-08-01
4143,278,188,8,3.7,reprobada,6,2025-08-01
4144,278,189,8,5.7,aprobada,6,2025-08-01
4145,278,190,8,5.7,aprobada,6,2025-08-01
4146,279,81,6,5.6,aprobada,6,2024-08-01
4147,279,82,6,6.0,aprobada,6,2024-08-01
4148,279,83,6,5.9,aprobada,6,2024-08-01
4149,279,84,6,5.5,aprobada,6,2024-08-01
4150,279,85,6,4.6,aprobada,6,2024-08-01
4151,279,86,7,4.1,aprobada,6,2025-03-01
4152,279,87,7,5.1,aprobada,6,2025-03-01
4153,279,88,7,5.4,aprobada,6,2025-03-01
4154,279,89,7,5.3,aprobada,6,2025-03-01
4155,279,90,7,4.1,aprobada,6,2025-03-01
4156,279,91,8,5.4,aprobada,6,2025-08-01
4157,279,92,8,5.3,aprobada,6,2025-08-01
4158,279,93,8,5.5,aprobada,6,2025-08-01
4159,279,94,8,5.4,aprobada,6,2025-08-01
4160,279,95,8,5.3,aprobada,6,2025-08-01
4161,280,81,8,5.6,aprobada,6,2025-08-01
4162,280,82,8,4.4,aprobada,6,2025-08-01
4163,280,83,8,3.5,reprobada,6,2025-08-01
4164,280,84,8,5.8,aprobada,6,2025-08-01
4165,280,85,8,5.9,aprobada,6,2025-08-01
4166,281,131,7,5.7,aprobada,6,2025-03-01
4167,281,132,7,4.3,aprobada,6,2025-03-01
4168,281,133,7,6.4,aprobada,6,2025-03-01
4169,281,134,7,4.2,aprobada,6,2025-03-01
4170,281,135,7,5.8,aprobada,6,2025-03-01
4171,281,136,8,6.8,aprobada,6,2025-08-01
4172,281,137,8,5.2,aprobada,6,2025-08-01
4173,281,138,8,5.5,aprobada,6,2025-08-01
4174,281,139,8,3.9,reprobada,6,2025-08-01
4175,281,140,8,7.0,aprobada,6,2025-08-01
4176,282,171,3,6.2,aprobada,6,2023-03-01
4177,282,172,3,7.0,aprobada,6,2023-03-01
4178,282,173,3,3.2,reprobada,6,2023-03-01
4179,282,174,3,5.3,aprobada,6,2023-03-01
4180,282,175,3,5.1,aprobada,6,2023-03-01
4181,282,176,4,5.5,aprobada,6,2023-08-01
4182,282,177,4,4.1,aprobada,6,2023-08-01
4183,282,178,4,5.2,aprobada,6,2023-08-01
4184,282,179,4,5.4,aprobada,6,2023-08-01
4185,282,180,4,6.0,aprobada,6,2023-08-01
4186,282,181,5,5.0,aprobada,6,2024-03-01
4187,282,182,5,6.1,aprobada,6,2024-03-01
4188,282,183,5,4.1,aprobada,6,2024-03-01
4189,282,184,5,4.1,aprobada,6,2024-03-01
4190,282,185,5,6.4,aprobada,6,2024-03-01
4191,282,186,6,5.4,aprobada,6,2024-08-01
4192,282,187,6,5.6,aprobada,6,2024-08-01
4193,282,188,6,6.9,aprobada,6,2024-08-01
4194,282,189,6,4.9,aprobada,6,2024-08-01
4195,282,190,6,5.8,aprobada,6,2024-08-01
4196,282,191,7,5.1,aprobada,6,2025-03-01
4197,282,192,7,5.1,aprobada,6,2025-03-01
4198,282,193,7,5.8,aprobada,6,2025-03-01
4199,282,194,7,5.0,aprobada,6,2025-03-01
4200,282,195,7,5.8,aprobada,6,2025-03-01
4201,283,106,8,4.1,aprobada,6,2025-08-01
4202,283,107,8,4.9,aprobada,6,2025-08-01
4203,283,108,8,5.2,aprobada,6,2025-08-01
4204,283,109,8,4.8,aprobada,6,2025-08-01
4205,283,110,8,6.9,aprobada,6,2025-08-01
4206,284,131,6,5.5,aprobada,6,2024-08-01
4207,284,132,6,5.1,aprobada,6,2024-08-01
4208,284,133,6,6.1,aprobada,6,2024-08-01
4209,284,134,6,5.0,aprobada,6,2024-08-01
4210,284,135,6,5.2,aprobada,6,2024-08-01
4211,284,136,7,6.0,aprobada,6,2025-03-01
4212,284,137,7,4.9,aprobada,6,2025-03-01
4213,284,138,7,6.1,aprobada,6,2025-03-01
4214,284,139,7,4.7,aprobada,6,2025-03-01
4215,284,140,7,4.3,aprobada,6,2025-03-01
4216,284,141,8,3.8,reprobada,6,2025-08-01
4217,284,142,8,4.1,aprobada,6,2025-08-01
4218,284,143,8,4.6,aprobada,6,2025-08-01
4219,284,144,8,5.7,aprobada,6,2025-08-01
4220,284,145,8,4.7,aprobada,6,2025-08-01
4221,285,81,3,4.2,aprobada,6,2023-03-01
4222,285,82,3,5.2,aprobada,6,2023-03-01
4223,285,83,3,4.0,aprobada,6,2023-03-01
4224,285,84,3,4.6,aprobada,6,2023-03-01
4225,285,85,3,4.2,aprobada,6,2023-03-01
4226,285,86,4,5.9,aprobada,6,2023-08-01
4227,285,87,4,4.9,aprobada,6,2023-08-01
4228,285,88,4,6.1,aprobada,6,2023-08-01
4229,285,89,4,6.3,aprobada,6,2023-08-01
4230,285,90,4,6.5,aprobada,6,2023-08-01
4231,285,91,5,5.0,aprobada,6,2024-03-01
4232,285,92,5,5.0,aprobada,6,2024-03-01
4233,285,93,5,5.3,aprobada,6,2024-03-01
4234,285,94,5,6.6,aprobada,6,2024-03-01
4235,285,95,5,4.8,aprobada,6,2024-03-01
4236,285,96,6,5.3,aprobada,6,2024-08-01
4237,285,97,6,6.0,aprobada,6,2024-08-01
4238,285,98,6,5.2,aprobada,6,2024-08-01
4239,285,99,6,5.0,aprobada,6,2024-08-01
4240,285,100,6,4.8,aprobada,6,2024-08-01
4241,286,171,5,5.1,aprobada,6,2024-03-01
4242,286,172,5,4.5,aprobada,6,2024-03-01
4243,286,173,5,5.6,aprobada,6,2024-03-01
4244,286,174,5,4.0,aprobada,6,2024-03-01
4245,286,175,5,6.0,aprobada,6,2024-03-01
4246,286,176,6,5.6,aprobada,6,2024-08-01
4247,286,177,6,5.1,aprobada,6,2024-08-01
4248,286,178,6,4.3,aprobada,6,2024-08-01
4249,286,179,6,5.0,aprobada,6,2024-08-01
4250,286,180,6,5.7,aprobada,6,2024-08-01
4251,288,171,8,3.9,reprobada,6,2025-08-01
4252,288,172,8,5.5,aprobada,6,2025-08-01
4253,288,173,8,4.5,aprobada,6,2025-08-01
4254,288,174,8,4.1,aprobada,6,2025-08-01
4255,288,175,8,4.4,aprobada,6,2025-08-01
4256,289,131,1,4.1,aprobada,6,2022-03-01
4257,289,132,1,5.4,aprobada,6,2022-03-01
4258,289,133,1,5.1,aprobada,6,2022-03-01
4259,289,134,1,4.1,aprobada,6,2022-03-01
4260,289,135,1,4.5,aprobada,6,2022-03-01
4261,289,136,2,6.3,aprobada,6,2022-08-01
4262,289,137,2,4.2,aprobada,6,2022-08-01
4263,289,138,2,5.4,aprobada,6,2022-08-01
4264,289,139,2,6.8,aprobada,6,2022-08-01
4265,289,140,2,5.4,aprobada,6,2022-08-01
4266,289,141,3,5.7,aprobada,6,2023-03-01
4267,289,142,3,4.8,aprobada,6,2023-03-01
4268,289,143,3,6.0,aprobada,6,2023-03-01
4269,289,144,3,4.8,aprobada,6,2023-03-01
4270,289,145,3,5.2,aprobada,6,2023-03-01
4271,289,146,4,5.7,aprobada,6,2023-08-01
4272,289,147,4,4.9,aprobada,6,2023-08-01
4273,289,148,4,4.5,aprobada,6,2023-08-01
4274,289,149,4,5.0,aprobada,6,2023-08-01
4275,289,150,4,4.1,aprobada,6,2023-08-01
4276,289,151,5,5.9,aprobada,6,2024-03-01
4277,289,152,5,6.1,aprobada,6,2024-03-01
4278,289,153,5,5.1,aprobada,6,2024-03-01
4279,289,154,5,5.4,aprobada,6,2024-03-01
4280,289,155,5,4.8,aprobada,6,2024-03-01
4281,289,156,6,5.7,aprobada,6,2024-08-01
4282,289,157,6,5.8,aprobada,6,2024-08-01
4283,289,158,6,3.4,reprobada,6,2024-08-01
4284,289,159,6,5.1,aprobada,6,2024-08-01
4285,289,160,6,4.5,aprobada,6,2024-08-01
4286,291,131,3,4.5,aprobada,6,2023-03-01
4287,291,132,3,2.9,reprobada,6,2023-03-01
4288,291,133,3,4.0,aprobada,6,2023-03-01
4289,291,134,3,4.9,aprobada,6,2023-03-01
4290,291,135,3,4.8,aprobada,6,2023-03-01
4291,291,136,4,5.0,aprobada,6,2023-08-01
4292,291,137,4,4.3,aprobada,6,2023-08-01
4293,291,138,4,6.2,aprobada,6,2023-08-01
4294,291,139,4,4.4,aprobada,6,2023-08-01
4295,291,140,4,4.9,aprobada,6,2023-08-01
4296,291,141,5,5.1,aprobada,6,2024-03-01
4297,291,142,5,3.4,reprobada,6,2024-03-01
4298,291,143,5,5.2,aprobada,6,2024-03-01
4299,291,144,5,5.1,aprobada,6,2024-03-01
4300,291,145,5,5.7,aprobada,6,2024-03-01
4301,291,146,6,3.6,reprobada,6,2024-08-01
4302,291,147,6,5.2,aprobada,6,2024-08-01
4303,291,148,6,4.4,aprobada,6,2024-08-01
4304,291,149,6,5.2,aprobada,6,2024-08-01
4305,291,150,6,5.1,aprobada,6,2024-08-01
4306,291,151,7,6.2,aprobada,6,2025-03-01
4307,291,152,7,3.8,reprobada,6,2025-03-01
4308,291,153,7,5.2,aprobada,6,2025-03-01
4309,291,154,7,5.8,aprobada,6,2025-03-01
4310,291,155,7,5.6,aprobada,6,2025-03-01
4311,291,156,8,3.0,reprobada,6,2025-08-01
4312,291,157,8,5.0,aprobada,6,2025-08-01
4313,291,158,8,6.9,aprobada,6,2025-08-01
4314,291,159,8,5.2,aprobada,6,2025-08-01
4315,291,160,8,3.6,reprobada,6,2025-08-01
4316,292,81,1,5.5,aprobada,6,2022-03-01
4317,292,82,1,5.8,aprobada,6,2022-03-01
4318,292,83,1,4.3,aprobada,6,2022-03-01
4319,292,84,1,4.7,aprobada,6,2022-03-01
4320,292,85,1,4.1,aprobada,6,2022-03-01
4321,292,86,2,3.7,reprobada,6,2022-08-01
4322,292,87,2,5.5,aprobada,6,2022-08-01
4323,292,88,2,6.0,aprobada,6,2022-08-01
4324,292,89,2,5.3,aprobada,6,2022-08-01
4325,292,90,2,4.2,aprobada,6,2022-08-01
4326,292,91,3,6.0,aprobada,6,2023-03-01
4327,292,92,3,4.4,aprobada,6,2023-03-01
4328,292,93,3,5.9,aprobada,6,2023-03-01
4329,292,94,3,5.1,aprobada,6,2023-03-01
4330,292,95,3,5.4,aprobada,6,2023-03-01
4331,292,96,4,3.8,reprobada,6,2023-08-01
4332,292,97,4,5.7,aprobada,6,2023-08-01
4333,292,98,4,3.7,reprobada,6,2023-08-01
4334,292,99,4,5.0,aprobada,6,2023-08-01
4335,292,100,4,3.4,reprobada,6,2023-08-01
4336,292,101,5,4.0,aprobada,6,2024-03-01
4337,292,102,5,4.8,aprobada,6,2024-03-01
4338,292,103,5,4.9,aprobada,6,2024-03-01
4339,292,104,5,4.3,aprobada,6,2024-03-01
4340,292,105,5,5.7,aprobada,6,2024-03-01
4341,294,1,1,4.1,aprobada,6,2022-03-01
4342,294,2,1,6.2,aprobada,6,2022-03-01
4343,294,3,1,4.2,aprobada,6,2022-03-01
4344,294,4,1,4.0,aprobada,6,2022-03-01
4345,294,5,1,3.8,reprobada,6,2022-03-01
4346,297,106,4,5.1,aprobada,6,2023-08-01
4347,297,107,4,5.2,aprobada,6,2023-08-01
4348,297,108,4,5.2,aprobada,6,2023-08-01
4349,297,109,4,5.0,aprobada,6,2023-08-01
4350,297,110,4,4.2,aprobada,6,2023-08-01
4351,297,111,5,6.1,aprobada,6,2024-03-01
4352,297,112,5,5.9,aprobada,6,2024-03-01
4353,297,113,5,4.7,aprobada,6,2024-03-01
4354,297,114,5,5.4,aprobada,6,2024-03-01
4355,297,115,5,4.2,aprobada,6,2024-03-01
4356,297,116,6,5.1,aprobada,6,2024-08-01
4357,297,117,6,4.5,aprobada,6,2024-08-01
4358,297,118,6,5.0,aprobada,6,2024-08-01
4359,297,119,6,3.3,reprobada,6,2024-08-01
4360,297,120,6,6.3,aprobada,6,2024-08-01
4361,297,121,7,6.8,aprobada,6,2025-03-01
4362,297,122,7,4.9,aprobada,6,2025-03-01
4363,297,123,7,4.2,aprobada,6,2025-03-01
4364,297,124,7,5.7,aprobada,6,2025-03-01
4365,297,125,7,5.6,aprobada,6,2025-03-01
4366,297,126,8,5.1,aprobada,6,2025-08-01
4367,297,127,8,4.9,aprobada,6,2025-08-01
4368,297,128,8,5.2,aprobada,6,2025-08-01
4369,297,129,8,6.1,aprobada,6,2025-08-01
4370,297,130,8,6.5,aprobada,6,2025-08-01
4371,298,106,4,4.3,aprobada,6,2023-08-01
4372,298,107,4,4.2,aprobada,6,2023-08-01
4373,298,108,4,5.1,aprobada,6,2023-08-01
4374,298,109,4,3.7,reprobada,6,2023-08-01
4375,298,110,4,4.4,aprobada,6,2023-08-01
4376,298,111,5,5.3,aprobada,6,2024-03-01
4377,298,112,5,6.2,aprobada,6,2024-03-01
4378,298,113,5,5.3,aprobada,6,2024-03-01
4379,298,114,5,4.8,aprobada,6,2024-03-01
4380,298,115,5,5.2,aprobada,6,2024-03-01
4381,298,116,6,3.9,reprobada,6,2024-08-01
4382,298,117,6,6.5,aprobada,6,2024-08-01
4383,298,118,6,5.1,aprobada,6,2024-08-01
4384,298,119,6,5.3,aprobada,6,2024-08-01
4385,298,120,6,5.8,aprobada,6,2024-08-01
4386,298,121,7,5.5,aprobada,6,2025-03-01
4387,298,122,7,5.3,aprobada,6,2025-03-01
4388,298,123,7,4.9,aprobada,6,2025-03-01
4389,298,124,7,4.9,aprobada,6,2025-03-01
4390,298,125,7,6.6,aprobada,6,2025-03-01
4391,298,126,8,3.7,reprobada,6,2025-08-01
4392,298,127,8,5.9,aprobada,6,2025-08-01
4393,298,128,8,5.7,aprobada,6,2025-08-01
4394,298,129,8,5.8,aprobada,6,2025-08-01
4395,298,130,8,5.2,aprobada,6,2025-08-01
4396,300,41,7,5.9,aprobada,6,2025-03-01
4397,300,42,7,3.4,reprobada,6,2025-03-01
4398,300,43,7,4.2,aprobada,6,2025-03-01
4399,300,44,7,5.2,aprobada,6,2025-03-01
4400,300,45,7,3.4,reprobada,6,2025-03-01
4401,300,46,8,4.0,aprobada,6,2025-08-01
4402,300,47,8,6.6,aprobada,6,2025-08-01
4403,300,48,8,5.1,aprobada,6,2025-08-01
4404,300,49,8,5.0,aprobada,6,2025-08-01
4405,300,50,8,5.7,aprobada,6,2025-08-01
4406,301,1,6,4.2,aprobada,6,2024-08-01
4407,301,2,6,6.0,aprobada,6,2024-08-01
4408,301,3,6,5.4,aprobada,6,2024-08-01
4409,301,4,6,5.3,aprobada,6,2024-08-01
4410,301,5,6,4.0,aprobada,6,2024-08-01
4411,301,6,7,3.9,reprobada,6,2025-03-01
4412,301,7,7,3.4,reprobada,6,2025-03-01
4413,301,8,7,5.3,aprobada,6,2025-03-01
4414,301,9,7,5.5,aprobada,6,2025-03-01
4415,301,10,7,5.5,aprobada,6,2025-03-01
4416,301,11,8,4.8,aprobada,6,2025-08-01
4417,301,12,8,5.5,aprobada,6,2025-08-01
4418,301,13,8,4.1,aprobada,6,2025-08-01
4419,301,14,8,5.8,aprobada,6,2025-08-01
4420,301,15,8,5.3,aprobada,6,2025-08-01
4421,302,41,1,4.3,aprobada,6,2022-03-01
4422,302,42,1,4.6,aprobada,6,2022-03-01
4423,302,43,1,3.6,reprobada,6,2022-03-01
4424,302,44,1,4.3,aprobada,6,2022-03-01
4425,302,45,1,4.9,aprobada,6,2022-03-01
4426,302,46,2,4.2,aprobada,6,2022-08-01
4427,302,47,2,5.8,aprobada,6,2022-08-01
4428,302,48,2,5.4,aprobada,6,2022-08-01
4429,302,49,2,5.4,aprobada,6,2022-08-01
4430,302,50,2,3.6,reprobada,6,2022-08-01
4431,302,51,3,5.2,aprobada,6,2023-03-01
4432,302,52,3,5.4,aprobada,6,2023-03-01
4433,302,53,3,3.8,reprobada,6,2023-03-01
4434,302,54,3,6.0,aprobada,6,2023-03-01
4435,302,55,3,5.6,aprobada,6,2023-03-01
4436,302,56,4,5.0,aprobada,6,2023-08-01
4437,302,57,4,5.4,aprobada,6,2023-08-01
4438,302,58,4,5.0,aprobada,6,2023-08-01
4439,302,59,4,5.0,aprobada,6,2023-08-01
4440,302,60,4,4.9,aprobada,6,2023-08-01
4441,302,61,5,5.8,aprobada,6,2024-03-01
4442,302,62,5,5.8,aprobada,6,2024-03-01
4443,302,63,5,5.1,aprobada,6,2024-03-01
4444,302,64,5,4.6,aprobada,6,2024-03-01
4445,302,65,5,4.4,aprobada,6,2024-03-01
4446,302,66,6,5.4,aprobada,6,2024-08-01
4447,302,67,6,3.5,reprobada,6,2024-08-01
4448,302,68,6,5.7,aprobada,6,2024-08-01
4449,302,69,6,4.3,aprobada,6,2024-08-01
4450,302,70,6,5.2,aprobada,6,2024-08-01
4451,302,71,7,4.6,aprobada,6,2025-03-01
4452,302,72,7,5.1,aprobada,6,2025-03-01
4453,302,73,7,5.9,aprobada,6,2025-03-01
4454,302,74,7,4.3,aprobada,6,2025-03-01
4455,302,75,7,5.7,aprobada,6,2025-03-01
4456,302,76,8,4.9,aprobada,6,2025-08-01
4457,302,77,8,4.9,aprobada,6,2025-08-01
4458,302,78,8,6.9,aprobada,6,2025-08-01
4459,302,79,8,4.0,aprobada,6,2025-08-01
4460,302,80,8,4.2,aprobada,6,2025-08-01
4461,304,131,3,4.4,aprobada,6,2023-03-01
4462,304,132,3,5.0,aprobada,6,2023-03-01
4463,304,133,3,3.6,reprobada,6,2023-03-01
4464,304,134,3,4.8,aprobada,6,2023-03-01
4465,304,135,3,4.3,aprobada,6,2023-03-01
4466,304,136,4,5.0,aprobada,6,2023-08-01
4467,304,137,4,5.0,aprobada,6,2023-08-01
4468,304,138,4,6.6,aprobada,6,2023-08-01
4469,304,139,4,6.7,aprobada,6,2023-08-01
4470,304,140,4,4.6,aprobada,6,2023-08-01
4471,304,141,5,6.2,aprobada,6,2024-03-01
4472,304,142,5,3.2,reprobada,6,2024-03-01
4473,304,143,5,4.5,aprobada,6,2024-03-01
4474,304,144,5,6.0,aprobada,6,2024-03-01
4475,304,145,5,5.7,aprobada,6,2024-03-01
4476,304,146,6,4.1,aprobada,6,2024-08-01
4477,304,147,6,5.6,aprobada,6,2024-08-01
4478,304,148,6,4.9,aprobada,6,2024-08-01
4479,304,149,6,3.4,reprobada,6,2024-08-01
4480,304,150,6,4.5,aprobada,6,2024-08-01
4481,304,151,7,4.8,aprobada,6,2025-03-01
4482,304,152,7,4.1,aprobada,6,2025-03-01
4483,304,153,7,4.1,aprobada,6,2025-03-01
4484,304,154,7,4.8,aprobada,6,2025-03-01
4485,304,155,7,4.5,aprobada,6,2025-03-01
4486,304,156,8,6.5,aprobada,6,2025-08-01
4487,304,157,8,6.2,aprobada,6,2025-08-01
4488,304,158,8,5.9,aprobada,6,2025-08-01
4489,304,159,8,6.1,aprobada,6,2025-08-01
4490,304,160,8,4.4,aprobada,6,2025-08-01
4491,305,106,7,5.1,aprobada,6,2025-03-01
4492,305,107,7,5.5,aprobada,6,2025-03-01
4493,305,108,7,6.8,aprobada,6,2025-03-01
4494,305,109,7,4.5,aprobada,6,2025-03-01
4495,305,110,7,4.4,aprobada,6,2025-03-01
4496,305,111,8,5.1,aprobada,6,2025-08-01
4497,305,112,8,3.8,reprobada,6,2025-08-01
4498,305,113,8,3.1,reprobada,6,2025-08-01
4499,305,114,8,4.0,aprobada,6,2025-08-01
4500,305,115,8,4.6,aprobada,6,2025-08-01
4501,306,1,3,5.5,aprobada,6,2023-03-01
4502,306,2,3,4.8,aprobada,6,2023-03-01
4503,306,3,3,5.2,aprobada,6,2023-03-01
4504,306,4,3,4.3,aprobada,6,2023-03-01
4505,306,5,3,4.7,aprobada,6,2023-03-01
4506,306,6,4,4.8,aprobada,6,2023-08-01
4507,306,7,4,6.0,aprobada,6,2023-08-01
4508,306,8,4,5.1,aprobada,6,2023-08-01
4509,306,9,4,5.4,aprobada,6,2023-08-01
4510,306,10,4,5.3,aprobada,6,2023-08-01
4511,306,11,5,5.4,aprobada,6,2024-03-01
4512,306,12,5,6.0,aprobada,6,2024-03-01
4513,306,13,5,5.5,aprobada,6,2024-03-01
4514,306,14,5,4.4,aprobada,6,2024-03-01
4515,306,15,5,5.2,aprobada,6,2024-03-01
4516,306,16,6,4.9,aprobada,6,2024-08-01
4517,306,17,6,6.4,aprobada,6,2024-08-01
4518,306,18,6,4.1,aprobada,6,2024-08-01
4519,306,19,6,6.9,aprobada,6,2024-08-01
4520,306,20,6,4.8,aprobada,6,2024-08-01
4521,306,21,7,6.1,aprobada,6,2025-03-01
4522,306,22,7,4.6,aprobada,6,2025-03-01
4523,306,23,7,4.2,aprobada,6,2025-03-01
4524,306,24,7,3.9,reprobada,6,2025-03-01
4525,306,25,7,4.9,aprobada,6,2025-03-01
4526,306,26,8,5.5,aprobada,6,2025-08-01
4527,306,27,8,5.5,aprobada,6,2025-08-01
4528,306,28,8,3.5,reprobada,6,2025-08-01
4529,306,29,8,3.8,reprobada,6,2025-08-01
4530,306,30,8,5.3,aprobada,6,2025-08-01
4531,307,106,5,4.1,aprobada,6,2024-03-01
4532,307,107,5,4.6,aprobada,6,2024-03-01
4533,307,108,5,3.8,reprobada,6,2024-03-01
4534,307,109,5,3.8,reprobada,6,2024-03-01
4535,307,110,5,5.2,aprobada,6,2024-03-01
4536,309,1,7,3.8,reprobada,6,2025-03-01
4537,309,2,7,6.1,aprobada,6,2025-03-01
4538,309,3,7,5.2,aprobada,6,2025-03-01
4539,309,4,7,5.3,aprobada,6,2025-03-01
4540,309,5,7,4.1,aprobada,6,2025-03-01
4541,309,6,8,4.4,aprobada,6,2025-08-01
4542,309,7,8,3.0,reprobada,6,2025-08-01
4543,309,8,8,4.7,aprobada,6,2025-08-01
4544,309,9,8,4.9,aprobada,6,2025-08-01
4545,309,10,8,5.6,aprobada,6,2025-08-01
4546,310,106,4,4.9,aprobada,6,2023-08-01
4547,310,107,4,4.6,aprobada,6,2023-08-01
4548,310,108,4,5.7,aprobada,6,2023-08-01
4549,310,109,4,4.3,aprobada,6,2023-08-01
4550,310,110,4,6.2,aprobada,6,2023-08-01
4551,310,111,5,5.8,aprobada,6,2024-03-01
4552,310,112,5,4.3,aprobada,6,2024-03-01
4553,310,113,5,4.6,aprobada,6,2024-03-01
4554,310,114,5,4.9,aprobada,6,2024-03-01
4555,310,115,5,5.8,aprobada,6,2024-03-01
4556,310,116,6,6.0,aprobada,6,2024-08-01
4557,310,117,6,5.5,aprobada,6,2024-08-01
4558,310,118,6,3.6,reprobada,6,2024-08-01
4559,310,119,6,3.6,reprobada,6,2024-08-01
4560,310,120,6,4.3,aprobada,6,2024-08-01
4561,311,171,8,5.1,aprobada,6,2025-08-01
4562,311,172,8,5.0,aprobada,6,2025-08-01
4563,311,173,8,5.4,aprobada,6,2025-08-01
4564,311,174,8,4.8,aprobada,6,2025-08-01
4565,311,175,8,3.5,reprobada,6,2025-08-01
4566,312,41,3,5.9,aprobada,6,2023-03-01
4567,312,42,3,5.9,aprobada,6,2023-03-01
4568,312,43,3,5.1,aprobada,6,2023-03-01
4569,312,44,3,3.7,reprobada,6,2023-03-01
4570,312,45,3,5.2,aprobada,6,2023-03-01
4571,312,46,4,5.5,aprobada,6,2023-08-01
4572,312,47,4,5.2,aprobada,6,2023-08-01
4573,312,48,4,2.9,reprobada,6,2023-08-01
4574,312,49,4,4.5,aprobada,6,2023-08-01
4575,312,50,4,4.3,aprobada,6,2023-08-01
4576,312,51,5,6.9,aprobada,6,2024-03-01
4577,312,52,5,4.9,aprobada,6,2024-03-01
4578,312,53,5,5.9,aprobada,6,2024-03-01
4579,312,54,5,5.8,aprobada,6,2024-03-01
4580,312,55,5,5.0,aprobada,6,2024-03-01
4581,312,56,6,5.5,aprobada,6,2024-08-01
4582,312,57,6,4.2,aprobada,6,2024-08-01
4583,312,58,6,4.2,aprobada,6,2024-08-01
4584,312,59,6,4.1,aprobada,6,2024-08-01
4585,312,60,6,4.5,aprobada,6,2024-08-01
4586,312,61,7,5.5,aprobada,6,2025-03-01
4587,312,62,7,4.4,aprobada,6,2025-03-01
4588,312,63,7,6.4,aprobada,6,2025-03-01
4589,312,64,7,4.6,aprobada,6,2025-03-01
4590,312,65,7,5.1,aprobada,6,2025-03-01
4591,312,66,8,5.2,aprobada,6,2025-08-01
4592,312,67,8,5.1,aprobada,6,2025-08-01
4593,312,68,8,5.4,aprobada,6,2025-08-01
4594,312,69,8,5.5,aprobada,6,2025-08-01
4595,312,70,8,4.0,aprobada,6,2025-08-01
4596,313,171,8,4.1,aprobada,6,2025-08-01
4597,313,172,8,5.4,aprobada,6,2025-08-01
4598,313,173,8,3.6,reprobada,6,2025-08-01
4599,313,174,8,4.2,aprobada,6,2025-08-01
4600,313,175,8,4.2,aprobada,6,2025-08-01
4601,314,106,8,3.5,reprobada,6,2025-08-01
4602,314,107,8,4.8,aprobada,6,2025-08-01
4603,314,108,8,4.3,aprobada,6,2025-08-01
4604,314,109,8,5.3,aprobada,6,2025-08-01
4605,314,110,8,4.8,aprobada,6,2025-08-01
4606,315,81,8,5.1,aprobada,6,2025-08-01
4607,315,82,8,3.3,reprobada,6,2025-08-01
4608,315,83,8,5.6,aprobada,6,2025-08-01
4609,315,84,8,4.6,aprobada,6,2025-08-01
4610,315,85,8,4.9,aprobada,6,2025-08-01
4611,316,131,8,5.7,aprobada,6,2025-08-01
4612,316,132,8,4.2,aprobada,6,2025-08-01
4613,316,133,8,5.8,aprobada,6,2025-08-01
4614,316,134,8,3.2,reprobada,6,2025-08-01
4615,316,135,8,4.5,aprobada,6,2025-08-01
4616,317,106,7,5.3,aprobada,6,2025-03-01
4617,317,107,7,4.7,aprobada,6,2025-03-01
4618,317,108,7,3.9,reprobada,6,2025-03-01
4619,317,109,7,3.4,reprobada,6,2025-03-01
4620,317,110,7,4.9,aprobada,6,2025-03-01
4621,317,111,8,5.1,aprobada,6,2025-08-01
4622,317,112,8,6.0,aprobada,6,2025-08-01
4623,317,113,8,5.8,aprobada,6,2025-08-01
4624,317,114,8,4.7,aprobada,6,2025-08-01
4625,317,115,8,4.7,aprobada,6,2025-08-01
4626,318,106,1,5.3,aprobada,6,2022-03-01
4627,318,107,1,4.1,aprobada,6,2022-03-01
4628,318,108,1,3.0,reprobada,6,2022-03-01
4629,318,109,1,3.3,reprobada,6,2022-03-01
4630,318,110,1,5.7,aprobada,6,2022-03-01
4631,318,111,2,3.3,reprobada,6,2022-08-01
4632,318,112,2,4.5,aprobada,6,2022-08-01
4633,318,113,2,4.9,aprobada,6,2022-08-01
4634,318,114,2,4.7,aprobada,6,2022-08-01
4635,318,115,2,5.3,aprobada,6,2022-08-01
4636,318,116,3,5.2,aprobada,6,2023-03-01
4637,318,117,3,4.9,aprobada,6,2023-03-01
4638,318,118,3,4.1,aprobada,6,2023-03-01
4639,318,119,3,4.8,aprobada,6,2023-03-01
4640,318,120,3,5.2,aprobada,6,2023-03-01
4641,319,171,3,4.8,aprobada,6,2023-03-01
4642,319,172,3,6.3,aprobada,6,2023-03-01
4643,319,173,3,3.8,reprobada,6,2023-03-01
4644,319,174,3,5.5,aprobada,6,2023-03-01
4645,319,175,3,4.6,aprobada,6,2023-03-01
4646,319,176,4,5.7,aprobada,6,2023-08-01
4647,319,177,4,5.3,aprobada,6,2023-08-01
4648,319,178,4,6.3,aprobada,6,2023-08-01
4649,319,179,4,5.9,aprobada,6,2023-08-01
4650,319,180,4,6.3,aprobada,6,2023-08-01
4651,319,181,5,5.7,aprobada,6,2024-03-01
4652,319,182,5,4.3,aprobada,6,2024-03-01
4653,319,183,5,4.9,aprobada,6,2024-03-01
4654,319,184,5,4.7,aprobada,6,2024-03-01
4655,319,185,5,3.5,reprobada,6,2024-03-01
4656,320,131,7,4.2,aprobada,6,2025-03-01
4657,320,132,7,4.9,aprobada,6,2025-03-01
4658,320,133,7,5.3,aprobada,6,2025-03-01
4659,320,134,7,6.0,aprobada,6,2025-03-01
4660,320,135,7,5.6,aprobada,6,2025-03-01
4661,320,136,8,4.8,aprobada,6,2025-08-01
4662,320,137,8,6.2,aprobada,6,2025-08-01
4663,320,138,8,4.1,aprobada,6,2025-08-01
4664,320,139,8,4.3,aprobada,6,2025-08-01
4665,320,140,8,5.3,aprobada,6,2025-08-01
4666,321,171,2,4.3,aprobada,6,2022-08-01
4667,321,172,2,5.0,aprobada,6,2022-08-01
4668,321,173,2,3.8,reprobada,6,2022-08-01
4669,321,174,2,5.6,aprobada,6,2022-08-01
4670,321,175,2,3.7,reprobada,6,2022-08-01
4671,321,176,3,5.2,aprobada,6,2023-03-01
4672,321,177,3,4.7,aprobada,6,2023-03-01
4673,321,178,3,3.9,reprobada,6,2023-03-01
4674,321,179,3,6.5,aprobada,6,2023-03-01
4675,321,180,3,4.7,aprobada,6,2023-03-01
4676,321,181,4,5.1,aprobada,6,2023-08-01
4677,321,182,4,6.0,aprobada,6,2023-08-01
4678,321,183,4,4.2,aprobada,6,2023-08-01
4679,321,184,4,3.3,reprobada,6,2023-08-01
4680,321,185,4,5.1,aprobada,6,2023-08-01
4681,321,186,5,4.8,aprobada,6,2024-03-01
4682,321,187,5,6.2,aprobada,6,2024-03-01
4683,321,188,5,4.5,aprobada,6,2024-03-01
4684,321,189,5,5.8,aprobada,6,2024-03-01
4685,321,190,5,5.5,aprobada,6,2024-03-01
4686,323,106,7,4.7,aprobada,6,2025-03-01
4687,323,107,7,3.9,reprobada,6,2025-03-01
4688,323,108,7,2.9,reprobada,6,2025-03-01
4689,323,109,7,3.4,reprobada,6,2025-03-01
4690,323,110,7,3.5,reprobada,6,2025-03-01
4691,323,111,8,4.9,aprobada,6,2025-08-01
4692,323,112,8,6.2,aprobada,6,2025-08-01
4693,323,113,8,5.6,aprobada,6,2025-08-01
4694,323,114,8,5.2,aprobada,6,2025-08-01
4695,323,115,8,5.0,aprobada,6,2025-08-01
4696,324,81,6,3.5,reprobada,6,2024-08-01
4697,324,82,6,5.0,aprobada,6,2024-08-01
4698,324,83,6,4.5,aprobada,6,2024-08-01
4699,324,84,6,4.5,aprobada,6,2024-08-01
4700,324,85,6,3.7,reprobada,6,2024-08-01
4701,325,131,7,6.7,aprobada,6,2025-03-01
4702,325,132,7,4.8,aprobada,6,2025-03-01
4703,325,133,7,5.5,aprobada,6,2025-03-01
4704,325,134,7,4.7,aprobada,6,2025-03-01
4705,325,135,7,5.8,aprobada,6,2025-03-01
4706,325,136,8,4.5,aprobada,6,2025-08-01
4707,325,137,8,5.4,aprobada,6,2025-08-01
4708,325,138,8,4.6,aprobada,6,2025-08-01
4709,325,139,8,6.1,aprobada,6,2025-08-01
4710,325,140,8,5.9,aprobada,6,2025-08-01
4711,327,171,4,4.6,aprobada,6,2023-08-01
4712,327,172,4,4.4,aprobada,6,2023-08-01
4713,327,173,4,4.4,aprobada,6,2023-08-01
4714,327,174,4,5.3,aprobada,6,2023-08-01
4715,327,175,4,4.7,aprobada,6,2023-08-01
4716,327,176,5,3.8,reprobada,6,2024-03-01
4717,327,177,5,6.2,aprobada,6,2024-03-01
4718,327,178,5,5.0,aprobada,6,2024-03-01
4719,327,179,5,5.4,aprobada,6,2024-03-01
4720,327,180,5,5.2,aprobada,6,2024-03-01
4721,327,181,6,5.5,aprobada,6,2024-08-01
4722,327,182,6,5.2,aprobada,6,2024-08-01
4723,327,183,6,4.9,aprobada,6,2024-08-01
4724,327,184,6,6.3,aprobada,6,2024-08-01
4725,327,185,6,4.8,aprobada,6,2024-08-01
4726,327,186,7,4.1,aprobada,6,2025-03-01
4727,327,187,7,4.5,aprobada,6,2025-03-01
4728,327,188,7,6.6,aprobada,6,2025-03-01
4729,327,189,7,5.6,aprobada,6,2025-03-01
4730,327,190,7,3.5,reprobada,6,2025-03-01
4731,327,191,8,3.9,reprobada,6,2025-08-01
4732,327,192,8,4.5,aprobada,6,2025-08-01
4733,327,193,8,5.2,aprobada,6,2025-08-01
4734,327,194,8,4.8,aprobada,6,2025-08-01
4735,327,195,8,3.0,reprobada,6,2025-08-01
4736,328,171,8,5.0,aprobada,6,2025-08-01
4737,328,172,8,5.8,aprobada,6,2025-08-01
4738,328,173,8,5.3,aprobada,6,2025-08-01
4739,328,174,8,6.0,aprobada,6,2025-08-01
4740,328,175,8,4.1,aprobada,6,2025-08-01
4741,330,131,6,5.5,aprobada,6,2024-08-01
4742,330,132,6,4.8,aprobada,6,2024-08-01
4743,330,133,6,4.2,aprobada,6,2024-08-01
4744,330,134,6,4.6,aprobada,6,2024-08-01
4745,330,135,6,6.0,aprobada,6,2024-08-01
4746,330,136,7,6.1,aprobada,6,2025-03-01
4747,330,137,7,5.3,aprobada,6,2025-03-01
4748,330,138,7,5.7,aprobada,6,2025-03-01
4749,330,139,7,5.5,aprobada,6,2025-03-01
4750,330,140,7,4.4,aprobada,6,2025-03-01
4751,330,141,8,5.3,aprobada,6,2025-08-01
4752,330,142,8,4.6,aprobada,6,2025-08-01
4753,330,143,8,5.4,aprobada,6,2025-08-01
4754,330,144,8,5.1,aprobada,6,2025-08-01
4755,330,145,8,5.2,aprobada,6,2025-08-01
4756,331,81,2,5.8,aprobada,6,2022-08-01
4757,331,82,2,4.7,aprobada,6,2022-08-01
4758,331,83,2,5.4,aprobada,6,2022-08-01
4759,331,84,2,4.3,aprobada,6,2022-08-01
4760,331,85,2,4.9,aprobada,6,2022-08-01
4761,331,86,3,5.1,aprobada,6,2023-03-01
4762,331,87,3,5.0,aprobada,6,2023-03-01
4763,331,88,3,5.0,aprobada,6,2023-03-01
4764,331,89,3,6.0,aprobada,6,2023-03-01
4765,331,90,3,5.2,aprobada,6,2023-03-01
4766,331,91,4,3.6,reprobada,6,2023-08-01
4767,331,92,4,2.0,reprobada,6,2023-08-01
4768,331,93,4,5.5,aprobada,6,2023-08-01
4769,331,94,4,7.0,aprobada,6,2023-08-01
4770,331,95,4,4.9,aprobada,6,2023-08-01
4771,331,96,5,4.9,aprobada,6,2024-03-01
4772,331,97,5,5.4,aprobada,6,2024-03-01
4773,331,98,5,6.5,aprobada,6,2024-03-01
4774,331,99,5,3.8,reprobada,6,2024-03-01
4775,331,100,5,5.8,aprobada,6,2024-03-01
4776,331,101,6,5.8,aprobada,6,2024-08-01
4777,331,102,6,3.9,reprobada,6,2024-08-01
4778,331,103,6,4.8,aprobada,6,2024-08-01
4779,331,104,6,5.1,aprobada,6,2024-08-01
4780,331,105,6,7.0,aprobada,6,2024-08-01
4781,332,41,3,5.1,aprobada,6,2023-03-01
4782,332,42,3,5.3,aprobada,6,2023-03-01
4783,332,43,3,6.2,aprobada,6,2023-03-01
4784,332,44,3,5.7,aprobada,6,2023-03-01
4785,332,45,3,6.0,aprobada,6,2023-03-01
4786,332,46,4,3.4,reprobada,6,2023-08-01
4787,332,47,4,5.2,aprobada,6,2023-08-01
4788,332,48,4,5.3,aprobada,6,2023-08-01
4789,332,49,4,4.8,aprobada,6,2023-08-01
4790,332,50,4,4.3,aprobada,6,2023-08-01
4791,332,51,5,4.3,aprobada,6,2024-03-01
4792,332,52,5,4.8,aprobada,6,2024-03-01
4793,332,53,5,5.7,aprobada,6,2024-03-01
4794,332,54,5,5.2,aprobada,6,2024-03-01
4795,332,55,5,3.9,reprobada,6,2024-03-01
4796,332,56,6,4.5,aprobada,6,2024-08-01
4797,332,57,6,4.4,aprobada,6,2024-08-01
4798,332,58,6,5.1,aprobada,6,2024-08-01
4799,332,59,6,5.0,aprobada,6,2024-08-01
4800,332,60,6,5.2,aprobada,6,2024-08-01
4801,332,61,7,4.1,aprobada,6,2025-03-01
4802,332,62,7,5.0,aprobada,6,2025-03-01
4803,332,63,7,5.1,aprobada,6,2025-03-01
4804,332,64,7,4.4,aprobada,6,2025-03-01
4805,332,65,7,5.8,aprobada,6,2025-03-01
4806,332,66,8,5.1,aprobada,6,2025-08-01
4807,332,67,8,3.6,reprobada,6,2025-08-01
4808,332,68,8,5.6,aprobada,6,2025-08-01
4809,332,69,8,4.3,aprobada,6,2025-08-01
4810,332,70,8,6.2,aprobada,6,2025-08-01
4811,333,1,5,4.3,aprobada,6,2024-03-01
4812,333,2,5,3.9,reprobada,6,2024-03-01
4813,333,3,5,2.1,reprobada,6,2024-03-01
4814,333,4,5,4.1,aprobada,6,2024-03-01
4815,333,5,5,3.5,reprobada,6,2024-03-01
4816,334,106,3,4.8,aprobada,6,2023-03-01
4817,334,107,3,4.3,aprobada,6,2023-03-01
4818,334,108,3,5.2,aprobada,6,2023-03-01
4819,334,109,3,4.2,aprobada,6,2023-03-01
4820,334,110,3,4.7,aprobada,6,2023-03-01
4821,334,111,4,5.0,aprobada,6,2023-08-01
4822,334,112,4,5.9,aprobada,6,2023-08-01
4823,334,113,4,5.5,aprobada,6,2023-08-01
4824,334,114,4,5.6,aprobada,6,2023-08-01
4825,334,115,4,4.2,aprobada,6,2023-08-01
4826,336,41,5,4.8,aprobada,6,2024-03-01
4827,336,42,5,5.1,aprobada,6,2024-03-01
4828,336,43,5,6.3,aprobada,6,2024-03-01
4829,336,44,5,4.2,aprobada,6,2024-03-01
4830,336,45,5,4.9,aprobada,6,2024-03-01
4831,337,131,1,4.7,aprobada,6,2022-03-01
4832,337,132,1,4.6,aprobada,6,2022-03-01
4833,337,133,1,4.4,aprobada,6,2022-03-01
4834,337,134,1,6.0,aprobada,6,2022-03-01
4835,337,135,1,4.2,aprobada,6,2022-03-01
4836,337,136,2,6.4,aprobada,6,2022-08-01
4837,337,137,2,3.3,reprobada,6,2022-08-01
4838,337,138,2,6.4,aprobada,6,2022-08-01
4839,337,139,2,6.9,aprobada,6,2022-08-01
4840,337,140,2,4.9,aprobada,6,2022-08-01
4841,337,141,3,5.5,aprobada,6,2023-03-01
4842,337,142,3,5.2,aprobada,6,2023-03-01
4843,337,143,3,5.7,aprobada,6,2023-03-01
4844,337,144,3,5.0,aprobada,6,2023-03-01
4845,337,145,3,3.4,reprobada,6,2023-03-01
4846,337,146,4,4.3,aprobada,6,2023-08-01
4847,337,147,4,5.4,aprobada,6,2023-08-01
4848,337,148,4,4.7,aprobada,6,2023-08-01
4849,337,149,4,3.2,reprobada,6,2023-08-01
4850,337,150,4,5.0,aprobada,6,2023-08-01
4851,337,151,5,4.2,aprobada,6,2024-03-01
4852,337,152,5,5.6,aprobada,6,2024-03-01
4853,337,153,5,5.6,aprobada,6,2024-03-01
4854,337,154,5,4.6,aprobada,6,2024-03-01
4855,337,155,5,4.8,aprobada,6,2024-03-01
4856,337,156,6,5.1,aprobada,6,2024-08-01
4857,337,157,6,4.3,aprobada,6,2024-08-01
4858,337,158,6,6.4,aprobada,6,2024-08-01
4859,337,159,6,5.9,aprobada,6,2024-08-01
4860,337,160,6,4.5,aprobada,6,2024-08-01
4861,337,161,7,5.6,aprobada,6,2025-03-01
4862,337,162,7,5.1,aprobada,6,2025-03-01
4863,337,163,7,5.9,aprobada,6,2025-03-01
4864,337,164,7,6.6,aprobada,6,2025-03-01
4865,337,165,7,3.9,reprobada,6,2025-03-01
4866,337,166,8,5.3,aprobada,6,2025-08-01
4867,337,167,8,5.7,aprobada,6,2025-08-01
4868,337,168,8,4.3,aprobada,6,2025-08-01
4869,337,169,8,4.2,aprobada,6,2025-08-01
4870,337,170,8,6.0,aprobada,6,2025-08-01
4871,338,41,7,4.9,aprobada,6,2025-03-01
4872,338,42,7,6.6,aprobada,6,2025-03-01
4873,338,43,7,4.3,aprobada,6,2025-03-01
4874,338,44,7,6.3,aprobada,6,2025-03-01
4875,338,45,7,5.2,aprobada,6,2025-03-01
4876,338,46,8,4.5,aprobada,6,2025-08-01
4877,338,47,8,5.8,aprobada,6,2025-08-01
4878,338,48,8,3.2,reprobada,6,2025-08-01
4879,338,49,8,4.7,aprobada,6,2025-08-01
4880,338,50,8,4.5,aprobada,6,2025-08-01
4881,339,1,5,4.5,aprobada,6,2024-03-01
4882,339,2,5,5.4,aprobada,6,2024-03-01
4883,339,3,5,4.8,aprobada,6,2024-03-01
4884,339,4,5,3.7,reprobada,6,2024-03-01
4885,339,5,5,5.1,aprobada,6,2024-03-01
4886,339,6,6,4.9,aprobada,6,2024-08-01
4887,339,7,6,4.6,aprobada,6,2024-08-01
4888,339,8,6,4.9,aprobada,6,2024-08-01
4889,339,9,6,4.4,aprobada,6,2024-08-01
4890,339,10,6,5.3,aprobada,6,2024-08-01
4891,339,11,7,6.7,aprobada,6,2025-03-01
4892,339,12,7,5.8,aprobada,6,2025-03-01
4893,339,13,7,4.9,aprobada,6,2025-03-01
4894,339,14,7,4.5,aprobada,6,2025-03-01
4895,339,15,7,4.7,aprobada,6,2025-03-01
4896,339,16,8,4.3,aprobada,6,2025-08-01
4897,339,17,8,4.8,aprobada,6,2025-08-01
4898,339,18,8,5.4,aprobada,6,2025-08-01
4899,339,19,8,5.0,aprobada,6,2025-08-01
4900,339,20,8,5.4,aprobada,6,2025-08-01
4901,341,41,3,4.6,aprobada,6,2023-03-01
4902,341,42,3,5.5,aprobada,6,2023-03-01
4903,341,43,3,4.9,aprobada,6,2023-03-01
4904,341,44,3,5.6,aprobada,6,2023-03-01
4905,341,45,3,3.2,reprobada,6,2023-03-01
4906,341,46,4,4.0,aprobada,6,2023-08-01
4907,341,47,4,3.8,reprobada,6,2023-08-01
4908,341,48,4,4.7,aprobada,6,2023-08-01
4909,341,49,4,5.7,aprobada,6,2023-08-01
4910,341,50,4,5.1,aprobada,6,2023-08-01
4911,341,51,5,3.9,reprobada,6,2024-03-01
4912,341,52,5,6.0,aprobada,6,2024-03-01
4913,341,53,5,4.4,aprobada,6,2024-03-01
4914,341,54,5,5.7,aprobada,6,2024-03-01
4915,341,55,5,5.3,aprobada,6,2024-03-01
4916,341,56,6,5.0,aprobada,6,2024-08-01
4917,341,57,6,4.3,aprobada,6,2024-08-01
4918,341,58,6,3.6,reprobada,6,2024-08-01
4919,341,59,6,5.8,aprobada,6,2024-08-01
4920,341,60,6,4.5,aprobada,6,2024-08-01
4921,341,61,7,5.7,aprobada,6,2025-03-01
4922,341,62,7,5.1,aprobada,6,2025-03-01
4923,341,63,7,5.9,aprobada,6,2025-03-01
4924,341,64,7,5.9,aprobada,6,2025-03-01
4925,341,65,7,4.7,aprobada,6,2025-03-01
4926,341,66,8,4.4,aprobada,6,2025-08-01
4927,341,67,8,5.0,aprobada,6,2025-08-01
4928,341,68,8,6.1,aprobada,6,2025-08-01
4929,341,69,8,5.4,aprobada,6,2025-08-01
4930,341,70,8,4.0,aprobada,6,2025-08-01
4931,342,1,5,4.1,aprobada,6,2024-03-01
4932,342,2,5,4.2,aprobada,6,2024-03-01
4933,342,3,5,4.9,aprobada,6,2024-03-01
4934,342,4,5,4.6,aprobada,6,2024-03-01
4935,342,5,5,4.9,aprobada,6,2024-03-01
4936,342,6,6,4.8,aprobada,6,2024-08-01
4937,342,7,6,5.5,aprobada,6,2024-08-01
4938,342,8,6,5.5,aprobada,6,2024-08-01
4939,342,9,6,4.6,aprobada,6,2024-08-01
4940,342,10,6,5.5,aprobada,6,2024-08-01
4941,342,11,7,3.8,reprobada,6,2025-03-01
4942,342,12,7,4.1,aprobada,6,2025-03-01
4943,342,13,7,4.1,aprobada,6,2025-03-01
4944,342,14,7,4.9,aprobada,6,2025-03-01
4945,342,15,7,5.0,aprobada,6,2025-03-01
4946,342,16,8,3.9,reprobada,6,2025-08-01
4947,342,17,8,3.0,reprobada,6,2025-08-01
4948,342,18,8,4.0,aprobada,6,2025-08-01
4949,342,19,8,3.9,reprobada,6,2025-08-01
4950,342,20,8,4.5,aprobada,6,2025-08-01
4951,343,106,7,4.3,aprobada,6,2025-03-01
4952,343,107,7,3.0,reprobada,6,2025-03-01
4953,343,108,7,6.0,aprobada,6,2025-03-01
4954,343,109,7,5.4,aprobada,6,2025-03-01
4955,343,110,7,6.2,aprobada,6,2025-03-01
4956,343,111,8,5.6,aprobada,6,2025-08-01
4957,343,112,8,5.2,aprobada,6,2025-08-01
4958,343,113,8,6.1,aprobada,6,2025-08-01
4959,343,114,8,4.0,aprobada,6,2025-08-01
4960,343,115,8,6.3,aprobada,6,2025-08-01
4961,344,106,1,2.9,reprobada,6,2022-03-01
4962,344,107,1,5.6,aprobada,6,2022-03-01
4963,344,108,1,5.7,aprobada,6,2022-03-01
4964,344,109,1,6.4,aprobada,6,2022-03-01
4965,344,110,1,5.1,aprobada,6,2022-03-01
4966,344,111,2,5.4,aprobada,6,2022-08-01
4967,344,112,2,4.7,aprobada,6,2022-08-01
4968,344,113,2,3.9,reprobada,6,2022-08-01
4969,344,114,2,5.5,aprobada,6,2022-08-01
4970,344,115,2,3.2,reprobada,6,2022-08-01
4971,344,116,3,5.1,aprobada,6,2023-03-01
4972,344,117,3,5.2,aprobada,6,2023-03-01
4973,344,118,3,5.2,aprobada,6,2023-03-01
4974,344,119,3,5.4,aprobada,6,2023-03-01
4975,344,120,3,4.5,aprobada,6,2023-03-01
4976,344,121,4,6.7,aprobada,6,2023-08-01
4977,344,122,4,4.5,aprobada,6,2023-08-01
4978,344,123,4,2.5,reprobada,6,2023-08-01
4979,344,124,4,5.1,aprobada,6,2023-08-01
4980,344,125,4,5.1,aprobada,6,2023-08-01
4981,345,131,3,3.9,reprobada,6,2023-03-01
4982,345,132,3,5.6,aprobada,6,2023-03-01
4983,345,133,3,4.5,aprobada,6,2023-03-01
4984,345,134,3,3.1,reprobada,6,2023-03-01
4985,345,135,3,5.0,aprobada,6,2023-03-01
4986,345,136,4,6.6,aprobada,6,2023-08-01
4987,345,137,4,6.7,aprobada,6,2023-08-01
4988,345,138,4,4.6,aprobada,6,2023-08-01
4989,345,139,4,5.5,aprobada,6,2023-08-01
4990,345,140,4,6.8,aprobada,6,2023-08-01
4991,345,141,5,5.7,aprobada,6,2024-03-01
4992,345,142,5,5.0,aprobada,6,2024-03-01
4993,345,143,5,4.1,aprobada,6,2024-03-01
4994,345,144,5,5.3,aprobada,6,2024-03-01
4995,345,145,5,5.2,aprobada,6,2024-03-01
4996,345,146,6,5.6,aprobada,6,2024-08-01
4997,345,147,6,5.7,aprobada,6,2024-08-01
4998,345,148,6,5.7,aprobada,6,2024-08-01
4999,345,149,6,4.7,aprobada,6,2024-08-01
5000,345,150,6,5.9,aprobada,6,2024-08-01
5001,345,151,7,3.9,reprobada,6,2025-03-01
5002,345,152,7,6.0,aprobada,6,2025-03-01
5003,345,153,7,5.5,aprobada,6,2025-03-01
5004,345,154,7,4.7,aprobada,6,2025-03-01
5005,345,155,7,5.6,aprobada,6,2025-03-01
5006,345,156,8,5.5,aprobada,6,2025-08-01
5007,345,157,8,4.2,aprobada,6,2025-08-01
5008,345,158,8,4.8,aprobada,6,2025-08-01
5009,345,159,8,4.1,aprobada,6,2025-08-01
5010,345,160,8,5.0,aprobada,6,2025-08-01
5011,346,41,8,5.1,aprobada,6,2025-08-01
5012,346,42,8,5.1,aprobada,6,2025-08-01
5013,346,43,8,5.2,aprobada,6,2025-08-01
5014,346,44,8,4.9,aprobada,6,2025-08-01
5015,346,45,8,5.9,aprobada,6,2025-08-01
5016,347,171,7,4.6,aprobada,6,2025-03-01
5017,347,172,7,4.2,aprobada,6,2025-03-01
5018,347,173,7,5.8,aprobada,6,2025-03-01
5019,347,174,7,4.8,aprobada,6,2025-03-01
5020,347,175,7,3.4,reprobada,6,2025-03-01
5021,347,176,8,5.0,aprobada,6,2025-08-01
5022,347,177,8,5.6,aprobada,6,2025-08-01
5023,347,178,8,5.7,aprobada,6,2025-08-01
5024,347,179,8,5.0,aprobada,6,2025-08-01
5025,347,180,8,6.6,aprobada,6,2025-08-01
5026,348,1,5,5.0,aprobada,6,2024-03-01
5027,348,2,5,6.3,aprobada,6,2024-03-01
5028,348,3,5,3.4,reprobada,6,2024-03-01
5029,348,4,5,5.9,aprobada,6,2024-03-01
5030,348,5,5,6.2,aprobada,6,2024-03-01
5031,348,6,6,6.4,aprobada,6,2024-08-01
5032,348,7,6,6.3,aprobada,6,2024-08-01
5033,348,8,6,5.6,aprobada,6,2024-08-01
5034,348,9,6,4.4,aprobada,6,2024-08-01
5035,348,10,6,4.1,aprobada,6,2024-08-01
5036,348,11,7,6.1,aprobada,6,2025-03-01
5037,348,12,7,4.7,aprobada,6,2025-03-01
5038,348,13,7,5.0,aprobada,6,2025-03-01
5039,348,14,7,6.3,aprobada,6,2025-03-01
5040,348,15,7,5.6,aprobada,6,2025-03-01
5041,348,16,8,5.9,aprobada,6,2025-08-01
5042,348,17,8,3.8,reprobada,6,2025-08-01
5043,348,18,8,5.3,aprobada,6,2025-08-01
5044,348,19,8,5.3,aprobada,6,2025-08-01
5045,348,20,8,2.9,reprobada,6,2025-08-01
5046,349,81,3,4.5,aprobada,6,2023-03-01
5047,349,82,3,4.3,aprobada,6,2023-03-01
5048,349,83,3,5.2,aprobada,6,2023-03-01
5049,349,84,3,3.8,reprobada,6,2023-03-01
5050,349,85,3,5.3,aprobada,6,2023-03-01
5051,349,86,4,4.9,aprobada,6,2023-08-01
5052,349,87,4,4.8,aprobada,6,2023-08-01
5053,349,88,4,4.9,aprobada,6,2023-08-01
5054,349,89,4,6.5,aprobada,6,2023-08-01
5055,349,90,4,4.0,aprobada,6,2023-08-01
5056,349,91,5,4.5,aprobada,6,2024-03-01
5057,349,92,5,4.1,aprobada,6,2024-03-01
5058,349,93,5,5.2,aprobada,6,2024-03-01
5059,349,94,5,4.6,aprobada,6,2024-03-01
5060,349,95,5,5.4,aprobada,6,2024-03-01
5061,349,96,6,5.2,aprobada,6,2024-08-01
5062,349,97,6,4.8,aprobada,6,2024-08-01
5063,349,98,6,4.3,aprobada,6,2024-08-01
5064,349,99,6,4.0,aprobada,6,2024-08-01
5065,349,100,6,4.8,aprobada,6,2024-08-01
5066,349,101,7,4.8,aprobada,6,2025-03-01
5067,349,102,7,5.0,aprobada,6,2025-03-01
5068,349,103,7,6.9,aprobada,6,2025-03-01
5069,349,104,7,5.9,aprobada,6,2025-03-01
5070,349,105,7,4.6,aprobada,6,2025-03-01
5071,350,106,4,4.6,aprobada,6,2023-08-01
5072,350,107,4,4.4,aprobada,6,2023-08-01
5073,350,108,4,5.1,aprobada,6,2023-08-01
5074,350,109,4,5.2,aprobada,6,2023-08-01
5075,350,110,4,4.4,aprobada,6,2023-08-01
5076,351,1,8,3.2,reprobada,6,2025-08-01
5077,351,2,8,4.7,aprobada,6,2025-08-01
5078,351,3,8,3.1,reprobada,6,2025-08-01
5079,351,4,8,5.0,aprobada,6,2025-08-01
5080,351,5,8,5.4,aprobada,6,2025-08-01
5081,353,1,4,4.6,aprobada,6,2023-08-01
5082,353,2,4,4.7,aprobada,6,2023-08-01
5083,353,3,4,5.1,aprobada,6,2023-08-01
5084,353,4,4,4.9,aprobada,6,2023-08-01
5085,353,5,4,4.9,aprobada,6,2023-08-01
5086,353,6,5,5.4,aprobada,6,2024-03-01
5087,353,7,5,4.2,aprobada,6,2024-03-01
5088,353,8,5,6.0,aprobada,6,2024-03-01
5089,353,9,5,4.6,aprobada,6,2024-03-01
5090,353,10,5,6.2,aprobada,6,2024-03-01
5091,353,11,6,4.6,aprobada,6,2024-08-01
5092,353,12,6,3.5,reprobada,6,2024-08-01
5093,353,13,6,5.6,aprobada,6,2024-08-01
5094,353,14,6,5.1,aprobada,6,2024-08-01
5095,353,15,6,4.4,aprobada,6,2024-08-01
5096,354,131,8,5.6,aprobada,6,2025-08-01
5097,354,132,8,4.7,aprobada,6,2025-08-01
5098,354,133,8,6.0,aprobada,6,2025-08-01
5099,354,134,8,5.7,aprobada,6,2025-08-01
5100,354,135,8,5.0,aprobada,6,2025-08-01
5101,355,131,2,5.0,aprobada,6,2022-08-01
5102,355,132,2,3.4,reprobada,6,2022-08-01
5103,355,133,2,5.2,aprobada,6,2022-08-01
5104,355,134,2,5.1,aprobada,6,2022-08-01
5105,355,135,2,4.2,aprobada,6,2022-08-01
5106,355,136,3,5.1,aprobada,6,2023-03-01
5107,355,137,3,3.6,reprobada,6,2023-03-01
5108,355,138,3,5.4,aprobada,6,2023-03-01
5109,355,139,3,4.9,aprobada,6,2023-03-01
5110,355,140,3,5.3,aprobada,6,2023-03-01
5111,355,141,4,3.3,reprobada,6,2023-08-01
5112,355,142,4,5.1,aprobada,6,2023-08-01
5113,355,143,4,4.1,aprobada,6,2023-08-01
5114,355,144,4,5.4,aprobada,6,2023-08-01
5115,355,145,4,4.5,aprobada,6,2023-08-01
5116,355,146,5,6.4,aprobada,6,2024-03-01
5117,355,147,5,6.8,aprobada,6,2024-03-01
5118,355,148,5,5.5,aprobada,6,2024-03-01
5119,355,149,5,4.5,aprobada,6,2024-03-01
5120,355,150,5,4.6,aprobada,6,2024-03-01
5121,355,151,6,4.4,aprobada,6,2024-08-01
5122,355,152,6,5.2,aprobada,6,2024-08-01
5123,355,153,6,4.6,aprobada,6,2024-08-01
5124,355,154,6,6.1,aprobada,6,2024-08-01
5125,355,155,6,4.7,aprobada,6,2024-08-01
5126,355,156,7,5.3,aprobada,6,2025-03-01
5127,355,157,7,5.1,aprobada,6,2025-03-01
5128,355,158,7,6.1,aprobada,6,2025-03-01
5129,355,159,7,6.7,aprobada,6,2025-03-01
5130,355,160,7,4.8,aprobada,6,2025-03-01
5131,355,161,8,5.6,aprobada,6,2025-08-01
5132,355,162,8,6.5,aprobada,6,2025-08-01
5133,355,163,8,6.4,aprobada,6,2025-08-01
5134,355,164,8,5.1,aprobada,6,2025-08-01
5135,355,165,8,6.1,aprobada,6,2025-08-01
5136,356,1,5,4.3,aprobada,6,2024-03-01
5137,356,2,5,6.0,aprobada,6,2024-03-01
5138,356,3,5,3.8,reprobada,6,2024-03-01
5139,356,4,5,5.4,aprobada,6,2024-03-01
5140,356,5,5,5.1,aprobada,6,2024-03-01
5141,356,6,6,5.3,aprobada,6,2024-08-01
5142,356,7,6,3.8,reprobada,6,2024-08-01
5143,356,8,6,4.1,aprobada,6,2024-08-01
5144,356,9,6,4.7,aprobada,6,2024-08-01
5145,356,10,6,6.4,aprobada,6,2024-08-01
5146,356,11,7,5.2,aprobada,6,2025-03-01
5147,356,12,7,5.6,aprobada,6,2025-03-01
5148,356,13,7,5.9,aprobada,6,2025-03-01
5149,356,14,7,7.0,aprobada,6,2025-03-01
5150,356,15,7,3.5,reprobada,6,2025-03-01
5151,356,16,8,6.9,aprobada,6,2025-08-01
5152,356,17,8,6.8,aprobada,6,2025-08-01
5153,356,18,8,6.1,aprobada,6,2025-08-01
5154,356,19,8,4.5,aprobada,6,2025-08-01
5155,356,20,8,4.8,aprobada,6,2025-08-01
5156,357,171,3,5.0,aprobada,6,2023-03-01
5157,357,172,3,5.8,aprobada,6,2023-03-01
5158,357,173,3,5.2,aprobada,6,2023-03-01
5159,357,174,3,5.0,aprobada,6,2023-03-01
5160,357,175,3,4.4,aprobada,6,2023-03-01
5161,357,176,4,4.5,aprobada,6,2023-08-01
5162,357,177,4,5.1,aprobada,6,2023-08-01
5163,357,178,4,5.2,aprobada,6,2023-08-01
5164,357,179,4,5.7,aprobada,6,2023-08-01
5165,357,180,4,4.9,aprobada,6,2023-08-01
5166,357,181,5,5.5,aprobada,6,2024-03-01
5167,357,182,5,5.9,aprobada,6,2024-03-01
5168,357,183,5,5.2,aprobada,6,2024-03-01
5169,357,184,5,6.6,aprobada,6,2024-03-01
5170,357,185,5,4.0,aprobada,6,2024-03-01
5171,357,186,6,4.7,aprobada,6,2024-08-01
5172,357,187,6,3.6,reprobada,6,2024-08-01
5173,357,188,6,5.6,aprobada,6,2024-08-01
5174,357,189,6,4.1,aprobada,6,2024-08-01
5175,357,190,6,5.7,aprobada,6,2024-08-01
5176,357,191,7,5.0,aprobada,6,2025-03-01
5177,357,192,7,4.4,aprobada,6,2025-03-01
5178,357,193,7,4.0,aprobada,6,2025-03-01
5179,357,194,7,5.3,aprobada,6,2025-03-01
5180,357,195,7,6.4,aprobada,6,2025-03-01
5181,358,41,8,5.4,aprobada,6,2025-08-01
5182,358,42,8,3.3,reprobada,6,2025-08-01
5183,358,43,8,3.1,reprobada,6,2025-08-01
5184,358,44,8,5.2,aprobada,6,2025-08-01
5185,358,45,8,4.0,aprobada,6,2025-08-01
5186,359,81,5,4.3,aprobada,6,2024-03-01
5187,359,82,5,4.4,aprobada,6,2024-03-01
5188,359,83,5,5.2,aprobada,6,2024-03-01
5189,359,84,5,5.0,aprobada,6,2024-03-01
5190,359,85,5,4.9,aprobada,6,2024-03-01
5191,359,86,6,4.8,aprobada,6,2024-08-01
5192,359,87,6,4.4,aprobada,6,2024-08-01
5193,359,88,6,4.8,aprobada,6,2024-08-01
5194,359,89,6,4.8,aprobada,6,2024-08-01
5195,359,90,6,5.3,aprobada,6,2024-08-01
5196,359,91,7,6.1,aprobada,6,2025-03-01
5197,359,92,7,5.6,aprobada,6,2025-03-01
5198,359,93,7,4.0,aprobada,6,2025-03-01
5199,359,94,7,4.1,aprobada,6,2025-03-01
5200,359,95,7,5.7,aprobada,6,2025-03-01
5201,359,96,8,5.6,aprobada,6,2025-08-01
5202,359,97,8,5.2,aprobada,6,2025-08-01
5203,359,98,8,4.9,aprobada,6,2025-08-01
5204,359,99,8,5.0,aprobada,6,2025-08-01
5205,359,100,8,4.8,aprobada,6,2025-08-01
5206,360,131,6,4.0,aprobada,6,2024-08-01
5207,360,132,6,4.6,aprobada,6,2024-08-01
5208,360,133,6,5.4,aprobada,6,2024-08-01
5209,360,134,6,4.3,aprobada,6,2024-08-01
5210,360,135,6,4.3,aprobada,6,2024-08-01
5211,360,136,7,5.0,aprobada,6,2025-03-01
5212,360,137,7,5.6,aprobada,6,2025-03-01
5213,360,138,7,6.0,aprobada,6,2025-03-01
5214,360,139,7,6.1,aprobada,6,2025-03-01
5215,360,140,7,5.8,aprobada,6,2025-03-01
5216,360,141,8,5.6,aprobada,6,2025-08-01
5217,360,142,8,4.0,aprobada,6,2025-08-01
5218,360,143,8,3.2,reprobada,6,2025-08-01
5219,360,144,8,4.1,aprobada,6,2025-08-01
5220,360,145,8,4.1,aprobada,6,2025-08-01
